point_id,point_name,subbranch,lat,lon,韵,声组,汉字,读音,note,北仑方言
BL01,北仑城关,太湖片-甬江小片,,,歌,T,多,au,,
BL01,北仑城关,太湖片-甬江小片,,,歌,T,拖,a/au,～鼻涕,
BL01,北仑城关,太湖片-甬江小片,,,歌,T,他,a,,
BL01,北仑城关,太湖片-甬江小片,,,歌,T,驼,au,,
BL01,北仑城关,太湖片-甬江小片,,,歌,T,驮,au,,
BL01,北仑城关,太湖片-甬江小片,,,歌,T,陀,,,
BL01,北仑城关,太湖片-甬江小片,,,歌,T,鸵,,,
BL01,北仑城关,太湖片-甬江小片,,,歌,T,沱,,,
BL01,北仑城关,太湖片-甬江小片,,,歌,T,舵,au,,
BL01,北仑城关,太湖片-甬江小片,,,歌,T,大,a/o/au,文读/～家/白读,
BL01,北仑城关,太湖片-甬江小片,,,歌,T,驮,au,,
BL01,北仑城关,太湖片-甬江小片,,,歌,N,挪,au,,
BL01,北仑城关,太湖片-甬江小片,,,歌,N,哪,a/o,/～吒,
BL01,北仑城关,太湖片-甬江小片,,,歌,N,那,a,,
BL01,北仑城关,太湖片-甬江小片,,,歌,L,罗,au,,
BL01,北仑城关,太湖片-甬江小片,,,歌,L,锣,au,,
BL01,北仑城关,太湖片-甬江小片,,,歌,L,箩,au,,
BL01,北仑城关,太湖片-甬江小片,,,歌,L,萝,,,
BL01,北仑城关,太湖片-甬江小片,,,歌,L,逻,,,
BL01,北仑城关,太湖片-甬江小片,,,歌,TS,左,au,,
BL01,北仑城关,太湖片-甬江小片,,,歌,TS,佐,au,,
BL01,北仑城关,太湖片-甬江小片,,,歌,TS,搓,au,,
BL01,北仑城关,太湖片-甬江小片,,,歌,TS,娑,,,
BL01,北仑城关,太湖片-甬江小片,,,歌,K,歌,au,,
BL01,北仑城关,太湖片-甬江小片,,,歌,K,哥,au,,
BL01,北仑城关,太湖片-甬江小片,,,歌,K,柯,,,
BL01,北仑城关,太湖片-甬江小片,,,歌,K,个,au,,
BL01,北仑城关,太湖片-甬江小片,,,歌,K,轲,,,
BL01,北仑城关,太湖片-甬江小片,,,歌,K,可,au,,
BL01,北仑城关,太湖片-甬江小片,,,歌,K,蛾,au,,
BL01,北仑城关,太湖片-甬江小片,,,歌,K,鹅,au,,
BL01,北仑城关,太湖片-甬江小片,,,歌,K,俄,au,,
BL01,北仑城关,太湖片-甬江小片,,,歌,K,娥,,,
BL01,北仑城关,太湖片-甬江小片,,,歌,K,我,o/au,,
BL01,北仑城关,太湖片-甬江小片,,,歌,K,饿,au,,
BL01,北仑城关,太湖片-甬江小片,,,歌,Ø,荷,au,,
BL01,北仑城关,太湖片-甬江小片,,,歌,Ø,河,au,,
BL01,北仑城关,太湖片-甬江小片,,,歌,Ø,何,au,,
BL01,北仑城关,太湖片-甬江小片,,,歌,Ø,荷,au,,
BL01,北仑城关,太湖片-甬江小片,,,歌,Ø,贺,au,,
BL01,北仑城关,太湖片-甬江小片,,,歌,Ø,阿,au,～胶,
BL01,北仑城关,太湖片-甬江小片,,,歌,Ø,屙,au,,
BL01,北仑城关,太湖片-甬江小片,,,戈,K,茄,e,,
BL01,北仑城关,太湖片-甬江小片,,,戈,P,波,au,,
BL01,北仑城关,太湖片-甬江小片,,,戈,P,菠,au,,
BL01,北仑城关,太湖片-甬江小片,,,戈,P,跛,,,
BL01,北仑城关,太湖片-甬江小片,,,戈,P,簸,au,,
BL01,北仑城关,太湖片-甬江小片,,,戈,P,簸,au,,
BL01,北仑城关,太湖片-甬江小片,,,戈,P,播,,,
BL01,北仑城关,太湖片-甬江小片,,,戈,P,颇,au,,
BL01,北仑城关,太湖片-甬江小片,,,戈,P,坡,au,,
BL01,北仑城关,太湖片-甬江小片,,,戈,P,玻,au,,
BL01,北仑城关,太湖片-甬江小片,,,戈,P,破,au,,
BL01,北仑城关,太湖片-甬江小片,,,戈,P,婆,au/øy,/老太～,
BL01,北仑城关,太湖片-甬江小片,,,戈,P,薄,au,,
BL01,北仑城关,太湖片-甬江小片,,,戈,M,魔,au,,
BL01,北仑城关,太湖片-甬江小片,,,戈,M,磨,au,,
BL01,北仑城关,太湖片-甬江小片,,,戈,M,摩,au,,
BL01,北仑城关,太湖片-甬江小片,,,戈,M,馍,au,,
BL01,北仑城关,太湖片-甬江小片,,,戈,M,蘑,,,
BL01,北仑城关,太湖片-甬江小片,,,戈,M,磨,au,,
BL01,北仑城关,太湖片-甬江小片,,,戈,T,朵,o,,
BL01,北仑城关,太湖片-甬江小片,,,戈,T,躲,o,,
BL01,北仑城关,太湖片-甬江小片,,,戈,T,剁,,,
BL01,北仑城关,太湖片-甬江小片,,,戈,T,妥,au,,
BL01,北仑城关,太湖片-甬江小片,,,戈,T,椭,au,,
BL01,北仑城关,太湖片-甬江小片,,,戈,T,唾,au,,
BL01,北仑城关,太湖片-甬江小片,,,戈,T,砣,,,
BL01,北仑城关,太湖片-甬江小片,,,戈,T,惰,au,,
BL01,北仑城关,太湖片-甬江小片,,,戈,T,垛,au,,
BL01,北仑城关,太湖片-甬江小片,,,戈,T,堕,,,
BL01,北仑城关,太湖片-甬江小片,,,戈,N,挼,,,
BL01,北仑城关,太湖片-甬江小片,,,戈,N,糯,au,,
BL01,北仑城关,太湖片-甬江小片,,,戈,N,懦,,,
BL01,北仑城关,太湖片-甬江小片,,,戈,L,骡,au,,
BL01,北仑城关,太湖片-甬江小片,,,戈,L,螺,au,,
BL01,北仑城关,太湖片-甬江小片,,,戈,L,脶,au,,
BL01,北仑城关,太湖片-甬江小片,,,戈,L,啰,au,,
BL01,北仑城关,太湖片-甬江小片,,,戈,L,裸,au,,
BL01,北仑城关,太湖片-甬江小片,,,戈,L,瘰,,,
BL01,北仑城关,太湖片-甬江小片,,,戈,L,摞,au,,
BL01,北仑城关,太湖片-甬江小片,,,戈,TS,锉,au,,
BL01,北仑城关,太湖片-甬江小片,,,戈,TS,莝,,,
BL01,北仑城关,太湖片-甬江小片,,,戈,TS,矬,,,
BL01,北仑城关,太湖片-甬江小片,,,戈,TS,坐,au,,
BL01,北仑城关,太湖片-甬江小片,,,戈,TS,座,au,,
BL01,北仑城关,太湖片-甬江小片,,,戈,TS,蓑,o,,
BL01,北仑城关,太湖片-甬江小片,,,戈,TS,梭,au,,
BL01,北仑城关,太湖片-甬江小片,,,戈,TS,唆,au,,
BL01,北仑城关,太湖片-甬江小片,,,戈,TS,莎,,,
BL01,北仑城关,太湖片-甬江小片,,,戈,TS,锁,au,,
BL01,北仑城关,太湖片-甬江小片,,,戈,TS,琐,au,,
BL01,北仑城关,太湖片-甬江小片,,,戈,TS,唢,,,
BL01,北仑城关,太湖片-甬江小片,,,戈,K,过,au,,
BL01,北仑城关,太湖片-甬江小片,,,戈,K,锅,au,,
BL01,北仑城关,太湖片-甬江小片,,,戈,K,戈,au,,
BL01,北仑城关,太湖片-甬江小片,,,戈,K,果,au,,
BL01,北仑城关,太湖片-甬江小片,,,戈,K,裹,au,,
BL01,北仑城关,太湖片-甬江小片,,,戈,K,餜,au,,
BL01,北仑城关,太湖片-甬江小片,,,戈,K,过,au,,
BL01,北仑城关,太湖片-甬江小片,,,戈,K,科,au,,
BL01,北仑城关,太湖片-甬江小片,,,戈,K,窠,au,,
BL01,北仑城关,太湖片-甬江小片,,,戈,K,棵,au,,
BL01,北仑城关,太湖片-甬江小片,,,戈,K,髁,,,
BL01,北仑城关,太湖片-甬江小片,,,戈,K,蝌,,,
BL01,北仑城关,太湖片-甬江小片,,,戈,K,颗,au,,
BL01,北仑城关,太湖片-甬江小片,,,戈,K,课,au,,
BL01,北仑城关,太湖片-甬江小片,,,戈,K,讹,au,,
BL01,北仑城关,太湖片-甬江小片,,,戈,K,卧,au,,
BL01,北仑城关,太湖片-甬江小片,,,戈,Ø,火,au,,
BL01,北仑城关,太湖片-甬江小片,,,戈,Ø,伙,,,
BL01,北仑城关,太湖片-甬江小片,,,戈,Ø,货,au,,
BL01,北仑城关,太湖片-甬江小片,,,戈,Ø,和,au,,
BL01,北仑城关,太湖片-甬江小片,,,戈,Ø,禾,au,,
BL01,北仑城关,太湖片-甬江小片,,,戈,Ø,祸,au,,
BL01,北仑城关,太湖片-甬江小片,,,戈,Ø,夥,au,,
BL01,北仑城关,太湖片-甬江小片,,,戈,Ø,和,au,,
BL01,北仑城关,太湖片-甬江小片,,,戈,Ø,倭,au,,
BL01,北仑城关,太湖片-甬江小片,,,戈,Ø,踒,,,
BL01,北仑城关,太湖片-甬江小片,,,戈,Ø,窝,au,,
BL01,北仑城关,太湖片-甬江小片,,,戈,Ø,涡,,,
BL01,北仑城关,太湖片-甬江小片,,,戈,Ø,莴,,,
BL01,北仑城关,太湖片-甬江小片,,,戈,Ø,涴,au,,
BL01,北仑城关,太湖片-甬江小片,,,戈,Ø,瘸,,,
BL01,北仑城关,太湖片-甬江小片,,,戈,Ø,靴,,,
BL01,北仑城关,太湖片-甬江小片,,,戈,Ø,�,,,
BL01,北仑城关,太湖片-甬江小片,,,麻,P,巴,o/øy,/儿化尾～,
BL01,北仑城关,太湖片-甬江小片,,,麻,P,芭,o,,
BL01,北仑城关,太湖片-甬江小片,,,麻,P,疤,o,,
BL01,北仑城关,太湖片-甬江小片,,,麻,P,笆,,,
BL01,北仑城关,太湖片-甬江小片,,,麻,P,吧,,,
BL01,北仑城关,太湖片-甬江小片,,,麻,P,把,o,,
BL01,北仑城关,太湖片-甬江小片,,,麻,P,靶,,,
BL01,北仑城关,太湖片-甬江小片,,,麻,P,霸,o,,
BL01,北仑城关,太湖片-甬江小片,,,麻,P,欛,,,
BL01,北仑城关,太湖片-甬江小片,,,麻,P,壩,,,
BL01,北仑城关,太湖片-甬江小片,,,麻,P,坝,o,,
BL01,北仑城关,太湖片-甬江小片,,,麻,P,爸,,,
BL01,北仑城关,太湖片-甬江小片,,,麻,P,怕,o,,
BL01,北仑城关,太湖片-甬江小片,,,麻,P,帕,,,
BL01,北仑城关,太湖片-甬江小片,,,麻,P,爬,o,,
BL01,北仑城关,太湖片-甬江小片,,,麻,P,琶,o,,
BL01,北仑城关,太湖片-甬江小片,,,麻,P,杷,o,,
BL01,北仑城关,太湖片-甬江小片,,,麻,P,钯,o,,
BL01,北仑城关,太湖片-甬江小片,,,麻,P,耙,o,,
BL01,北仑城关,太湖片-甬江小片,,,麻,M,麻,o,,
BL01,北仑城关,太湖片-甬江小片,,,麻,M,痲,o,,
BL01,北仑城关,太湖片-甬江小片,,,麻,M,蟆,o,,
BL01,北仑城关,太湖片-甬江小片,,,麻,M,妈,,,
BL01,北仑城关,太湖片-甬江小片,,,麻,M,马,o,,
BL01,北仑城关,太湖片-甬江小片,,,麻,M,码,o,,
BL01,北仑城关,太湖片-甬江小片,,,麻,M,玛,,,
BL01,北仑城关,太湖片-甬江小片,,,麻,M,蚂,,,
BL01,北仑城关,太湖片-甬江小片,,,麻,M,骂,o,,
BL01,北仑城关,太湖片-甬江小片,,,麻,N,拿,,,
BL01,北仑城关,太湖片-甬江小片,,,麻,TS,茶,o,,
BL01,北仑城关,太湖片-甬江小片,,,麻,TS,搽,o,,
BL01,北仑城关,太湖片-甬江小片,,,麻,TS,䖳,,,
BL01,北仑城关,太湖片-甬江小片,,,麻,TS*,楂,o,,
BL01,北仑城关,太湖片-甬江小片,,,麻,TS*,渣,o,,
BL01,北仑城关,太湖片-甬江小片,,,麻,TS*,诈,o,,
BL01,北仑城关,太湖片-甬江小片,,,麻,TS*,榨,o,,
BL01,北仑城关,太湖片-甬江小片,,,麻,TS*,炸,o,,
BL01,北仑城关,太湖片-甬江小片,,,麻,TS*,叉,o,,
BL01,北仑城关,太湖片-甬江小片,,,麻,TS*,杈,o,,
BL01,北仑城关,太湖片-甬江小片,,,麻,TS*,差,a/o,出～/～别,
BL01,北仑城关,太湖片-甬江小片,,,麻,TS*,岔,o,,
BL01,北仑城关,太湖片-甬江小片,,,麻,TS*,差,a/o,出～/～别,
BL01,北仑城关,太湖片-甬江小片,,,麻,TS*,茬,o,,
BL01,北仑城关,太湖片-甬江小片,,,麻,TS*,查,o,,
BL01,北仑城关,太湖片-甬江小片,,,麻,TS*,乍,,,
BL01,北仑城关,太湖片-甬江小片,,,麻,TS*,沙,o,,
BL01,北仑城关,太湖片-甬江小片,,,麻,TS*,纱,o,,
BL01,北仑城关,太湖片-甬江小片,,,麻,TS*,痧,,,
BL01,北仑城关,太湖片-甬江小片,,,麻,TS*,砂,,,
BL01,北仑城关,太湖片-甬江小片,,,麻,TS*,鲨,,,
BL01,北仑城关,太湖片-甬江小片,,,麻,TS*,裟,,,
BL01,北仑城关,太湖片-甬江小片,,,麻,TS*,洒,a,,
BL01,北仑城关,太湖片-甬江小片,,,麻,TS*,厦,,,
BL01,北仑城关,太湖片-甬江小片,,,麻,K,家,o,,
BL01,北仑城关,太湖片-甬江小片,,,麻,K,傢,ia,,
BL01,北仑城关,太湖片-甬江小片,,,麻,K,加,o,,
BL01,北仑城关,太湖片-甬江小片,,,麻,K,痂,,,
BL01,北仑城关,太湖片-甬江小片,,,麻,K,嘉,o,,
BL01,北仑城关,太湖片-甬江小片,,,麻,K,枷,,,
BL01,北仑城关,太湖片-甬江小片,,,麻,K,袈,,,
BL01,北仑城关,太湖片-甬江小片,,,麻,K,假,o,,
BL01,北仑城关,太湖片-甬江小片,,,麻,K,贾,ia,,
BL01,北仑城关,太湖片-甬江小片,,,麻,K,假,o,,
BL01,北仑城关,太湖片-甬江小片,,,麻,K,架,o,,
BL01,北仑城关,太湖片-甬江小片,,,麻,K,驾,o,,
BL01,北仑城关,太湖片-甬江小片,,,麻,K,嫁,o,,
BL01,北仑城关,太湖片-甬江小片,,,麻,K,稼,o,,
BL01,北仑城关,太湖片-甬江小片,,,麻,K,价,o,,
BL01,北仑城关,太湖片-甬江小片,,,麻,K,揢,o,,
BL01,北仑城关,太湖片-甬江小片,,,麻,K,牙,o,,
BL01,北仑城关,太湖片-甬江小片,,,麻,K,芽,o,,
BL01,北仑城关,太湖片-甬江小片,,,麻,K,衙,o,,
BL01,北仑城关,太湖片-甬江小片,,,麻,K,伢,,,
BL01,北仑城关,太湖片-甬江小片,,,麻,K,蚜,,,
BL01,北仑城关,太湖片-甬江小片,,,麻,K,雅,ia,,
BL01,北仑城关,太湖片-甬江小片,,,麻,K,砑,,,
BL01,北仑城关,太湖片-甬江小片,,,麻,Ø,虾,uo,,
BL01,北仑城关,太湖片-甬江小片,,,麻,Ø,�,,,
BL01,北仑城关,太湖片-甬江小片,,,麻,Ø,嚇,,,
BL01,北仑城关,太湖片-甬江小片,,,麻,Ø,霞,uo,,
BL01,北仑城关,太湖片-甬江小片,,,麻,Ø,瑕,ia,,
BL01,北仑城关,太湖片-甬江小片,,,麻,Ø,遐,ia,,
BL01,北仑城关,太湖片-甬江小片,,,麻,Ø,蝦,,,
BL01,北仑城关,太湖片-甬江小片,,,麻,Ø,下,uo,,
BL01,北仑城关,太湖片-甬江小片,,,麻,Ø,夏,uo,,
BL01,北仑城关,太湖片-甬江小片,,,麻,Ø,厦,uo,,
BL01,北仑城关,太湖片-甬江小片,,,麻,Ø,下,uo,,
BL01,北仑城关,太湖片-甬江小片,,,麻,Ø,夏,uo,,
BL01,北仑城关,太湖片-甬江小片,,,麻,Ø,暇,uo,,
BL01,北仑城关,太湖片-甬江小片,,,麻,Ø,鸦,uo,,
BL01,北仑城关,太湖片-甬江小片,,,麻,Ø,丫,uo,,
BL01,北仑城关,太湖片-甬江小片,,,麻,Ø,桠,uo,,
BL01,北仑城关,太湖片-甬江小片,,,麻,Ø,哑,uo,,
BL01,北仑城关,太湖片-甬江小片,,,麻,Ø,亚,ia,,
BL01,北仑城关,太湖片-甬江小片,,,模,P,补,u,,
BL01,北仑城关,太湖片-甬江小片,,,模,P,谱,u,,
BL01,北仑城关,太湖片-甬江小片,,,模,P,哺,,,
BL01,北仑城关,太湖片-甬江小片,,,模,P,布,u,,
BL01,北仑城关,太湖片-甬江小片,,,模,P,佈,u,,
BL01,北仑城关,太湖片-甬江小片,,,模,P,铺,u,,
BL01,北仑城关,太湖片-甬江小片,,,模,P,潽,,,
BL01,北仑城关,太湖片-甬江小片,,,模,P,普,u,,
BL01,北仑城关,太湖片-甬江小片,,,模,P,浦,u,,
BL01,北仑城关,太湖片-甬江小片,,,模,P,铺,u,,
BL01,北仑城关,太湖片-甬江小片,,,模,P,怖,u,,
BL01,北仑城关,太湖片-甬江小片,,,模,P,蒲,u,,
BL01,北仑城关,太湖片-甬江小片,,,模,P,菩,u,,
BL01,北仑城关,太湖片-甬江小片,,,模,P,脯,u,,
BL01,北仑城关,太湖片-甬江小片,,,模,P,葡,,,
BL01,北仑城关,太湖片-甬江小片,,,模,P,莆,,,
BL01,北仑城关,太湖片-甬江小片,,,模,P,部,u,,
BL01,北仑城关,太湖片-甬江小片,,,模,P,簿,u,,
BL01,北仑城关,太湖片-甬江小片,,,模,P,篰,,,
BL01,北仑城关,太湖片-甬江小片,,,模,P,步,u,,
BL01,北仑城关,太湖片-甬江小片,,,模,P,捕,u,,
BL01,北仑城关,太湖片-甬江小片,,,模,P,埠,u,,
BL01,北仑城关,太湖片-甬江小片,,,模,M,模,au,,
BL01,北仑城关,太湖片-甬江小片,,,模,M,模,au,,
BL01,北仑城关,太湖片-甬江小片,,,模,M,摹,au,,
BL01,北仑城关,太湖片-甬江小片,,,模,M,姥,,,
BL01,北仑城关,太湖片-甬江小片,,,模,M,暮,au,,
BL01,北仑城关,太湖片-甬江小片,,,模,M,慕,au,,
BL01,北仑城关,太湖片-甬江小片,,,模,M,墓,au,,
BL01,北仑城关,太湖片-甬江小片,,,模,M,募,au,,
BL01,北仑城关,太湖片-甬江小片,,,模,M,睦,,,
BL01,北仑城关,太湖片-甬江小片,,,模,T,都,u,,
BL01,北仑城关,太湖片-甬江小片,,,模,T,都,u,,
BL01,北仑城关,太湖片-甬江小片,,,模,T,赌,u,,
BL01,北仑城关,太湖片-甬江小片,,,模,T,堵,u,,
BL01,北仑城关,太湖片-甬江小片,,,模,T,肚,u,,
BL01,北仑城关,太湖片-甬江小片,,,模,T,睹,,,
BL01,北仑城关,太湖片-甬江小片,,,模,T,妒,u,,
BL01,北仑城关,太湖片-甬江小片,,,模,T,土,u,,
BL01,北仑城关,太湖片-甬江小片,,,模,T,吐,u,,
BL01,北仑城关,太湖片-甬江小片,,,模,T,吐,u,,
BL01,北仑城关,太湖片-甬江小片,,,模,T,兔,u,,
BL01,北仑城关,太湖片-甬江小片,,,模,T,徒,u,,
BL01,北仑城关,太湖片-甬江小片,,,模,T,屠,u,,
BL01,北仑城关,太湖片-甬江小片,,,模,T,途,u,,
BL01,北仑城关,太湖片-甬江小片,,,模,T,涂,u,,
BL01,北仑城关,太湖片-甬江小片,,,模,T,图,u,,
BL01,北仑城关,太湖片-甬江小片,,,模,T,杜,u,,
BL01,北仑城关,太湖片-甬江小片,,,模,T,肚,u,,
BL01,北仑城关,太湖片-甬江小片,,,模,T,度,u,,
BL01,北仑城关,太湖片-甬江小片,,,模,T,渡,u,,
BL01,北仑城关,太湖片-甬江小片,,,模,T,镀,u,,
BL01,北仑城关,太湖片-甬江小片,,,模,N,奴,u,,
BL01,北仑城关,太湖片-甬江小片,,,模,N,努,u,,
BL01,北仑城关,太湖片-甬江小片,,,模,N,怒,u,,
BL01,北仑城关,太湖片-甬江小片,,,模,L,卢,u,,
BL01,北仑城关,太湖片-甬江小片,,,模,L,炉,u,,
BL01,北仑城关,太湖片-甬江小片,,,模,L,芦,u,,
BL01,北仑城关,太湖片-甬江小片,,,模,L,鸬,u,,
BL01,北仑城关,太湖片-甬江小片,,,模,L,颅,,,
BL01,北仑城关,太湖片-甬江小片,,,模,L,鲈,,,
BL01,北仑城关,太湖片-甬江小片,,,模,L,鲁,u,,
BL01,北仑城关,太湖片-甬江小片,,,模,L,橹,u,,
BL01,北仑城关,太湖片-甬江小片,,,模,L,虏,au,,
BL01,北仑城关,太湖片-甬江小片,,,模,L,卤,u,,
BL01,北仑城关,太湖片-甬江小片,,,模,L,路,u,,
BL01,北仑城关,太湖片-甬江小片,,,模,L,赂,,,
BL01,北仑城关,太湖片-甬江小片,,,模,L,露,u,,
BL01,北仑城关,太湖片-甬江小片,,,模,L,鹭,u,,
BL01,北仑城关,太湖片-甬江小片,,,模,TS,租,u,,
BL01,北仑城关,太湖片-甬江小片,,,模,TS,祖,u,,
BL01,北仑城关,太湖片-甬江小片,,,模,TS,组,u,,
BL01,北仑城关,太湖片-甬江小片,,,模,TS,做,au,,
BL01,北仑城关,太湖片-甬江小片,,,模,TS,粗,u,,
BL01,北仑城关,太湖片-甬江小片,,,模,TS,醋,u,,
BL01,北仑城关,太湖片-甬江小片,,,模,TS,措,u,,
BL01,北仑城关,太湖片-甬江小片,,,模,TS,错,au,,
BL01,北仑城关,太湖片-甬江小片,,,模,TS,苏,u,,
BL01,北仑城关,太湖片-甬江小片,,,模,TS,酥,u,,
BL01,北仑城关,太湖片-甬江小片,,,模,TS,素,u,,
BL01,北仑城关,太湖片-甬江小片,,,模,TS,诉,u,,
BL01,北仑城关,太湖片-甬江小片,,,模,TS,塑,u,,
BL01,北仑城关,太湖片-甬江小片,,,模,TS,嗉,,,
BL01,北仑城关,太湖片-甬江小片,,,模,K,姑,u,,
BL01,北仑城关,太湖片-甬江小片,,,模,K,孤,u,,
BL01,北仑城关,太湖片-甬江小片,,,模,K,箍,u,,
BL01,北仑城关,太湖片-甬江小片,,,模,K,辜,,,
BL01,北仑城关,太湖片-甬江小片,,,模,K,菇,,,
BL01,北仑城关,太湖片-甬江小片,,,模,K,鸪,,,
BL01,北仑城关,太湖片-甬江小片,,,模,K,蛄,,,
BL01,北仑城关,太湖片-甬江小片,,,模,K,古,u,,
BL01,北仑城关,太湖片-甬江小片,,,模,K,估,u,,
BL01,北仑城关,太湖片-甬江小片,,,模,K,盬,,,
BL01,北仑城关,太湖片-甬江小片,,,模,K,牯,u,,
BL01,北仑城关,太湖片-甬江小片,,,模,K,股,u,,
BL01,北仑城关,太湖片-甬江小片,,,模,K,鼓,u,,
BL01,北仑城关,太湖片-甬江小片,,,模,K,蛊,,,
BL01,北仑城关,太湖片-甬江小片,,,模,K,故,u,,
BL01,北仑城关,太湖片-甬江小片,,,模,K,固,u,,
BL01,北仑城关,太湖片-甬江小片,,,模,K,锢,u,,
BL01,北仑城关,太湖片-甬江小片,,,模,K,雇,u,,
BL01,北仑城关,太湖片-甬江小片,,,模,K,顾,u,,
BL01,北仑城关,太湖片-甬江小片,,,模,K,枯,u,,
BL01,北仑城关,太湖片-甬江小片,,,模,K,苦,u,,
BL01,北仑城关,太湖片-甬江小片,,,模,K,库,u,,
BL01,北仑城关,太湖片-甬江小片,,,模,K,裤,u,,
BL01,北仑城关,太湖片-甬江小片,,,模,K,吴,u,文读,
BL01,北仑城关,太湖片-甬江小片,,,模,K,蜈,u,文读,
BL01,北仑城关,太湖片-甬江小片,,,模,K,吾,u,,
BL01,北仑城关,太湖片-甬江小片,,,模,K,梧,u,,
BL01,北仑城关,太湖片-甬江小片,,,模,K,五,ŋ,,
BL01,北仑城关,太湖片-甬江小片,,,模,K,伍,u,文读,
BL01,北仑城关,太湖片-甬江小片,,,模,K,午,u,,
BL01,北仑城关,太湖片-甬江小片,,,模,K,忤,,,
BL01,北仑城关,太湖片-甬江小片,,,模,K,误,u,,
BL01,北仑城关,太湖片-甬江小片,,,模,K,悟,u,,
BL01,北仑城关,太湖片-甬江小片,,,模,Ø,呼,u,,
BL01,北仑城关,太湖片-甬江小片,,,模,Ø,虎,u,,
BL01,北仑城关,太湖片-甬江小片,,,模,Ø,浒,u,,
BL01,北仑城关,太湖片-甬江小片,,,模,Ø,琥,,,
BL01,北仑城关,太湖片-甬江小片,,,模,Ø,戽,u,,
BL01,北仑城关,太湖片-甬江小片,,,模,Ø,胡,u,,
BL01,北仑城关,太湖片-甬江小片,,,模,Ø,湖,u,,
BL01,北仑城关,太湖片-甬江小片,,,模,Ø,狐,u,,
BL01,北仑城关,太湖片-甬江小片,,,模,Ø,壶,u,,
BL01,北仑城关,太湖片-甬江小片,,,模,Ø,乎,u,,
BL01,北仑城关,太湖片-甬江小片,,,模,Ø,瓠,,,
BL01,北仑城关,太湖片-甬江小片,,,模,Ø,鬍,,,
BL01,北仑城关,太湖片-甬江小片,,,模,Ø,糊,,,
BL01,北仑城关,太湖片-甬江小片,,,模,Ø,蝴,,,
BL01,北仑城关,太湖片-甬江小片,,,模,Ø,瑚,,,
BL01,北仑城关,太湖片-甬江小片,,,模,Ø,户,u,,
BL01,北仑城关,太湖片-甬江小片,,,模,Ø,沪,u,,
BL01,北仑城关,太湖片-甬江小片,,,模,Ø,互,u,,
BL01,北仑城关,太湖片-甬江小片,,,模,Ø,护,u,,
BL01,北仑城关,太湖片-甬江小片,,,模,Ø,瓠,,,
BL01,北仑城关,太湖片-甬江小片,,,模,Ø,糊,,,
BL01,北仑城关,太湖片-甬江小片,,,模,Ø,乌,u,,
BL01,北仑城关,太湖片-甬江小片,,,模,Ø,污,u,,
BL01,北仑城关,太湖片-甬江小片,,,模,Ø,坞,u,,
BL01,北仑城关,太湖片-甬江小片,,,模,Ø,恶,u,,
BL01,北仑城关,太湖片-甬江小片,,,豪,P,褒,ɔ,,
BL01,北仑城关,太湖片-甬江小片,,,豪,P,保,ɔ,,
BL01,北仑城关,太湖片-甬江小片,,,豪,P,堡,ɔ,,
BL01,北仑城关,太湖片-甬江小片,,,豪,P,宝,ɔ,,
BL01,北仑城关,太湖片-甬江小片,,,豪,P,报,ɔ,,
BL01,北仑城关,太湖片-甬江小片,,,豪,P,袍,ɔ,,
BL01,北仑城关,太湖片-甬江小片,,,豪,P,抱,ɔ,,
BL01,北仑城关,太湖片-甬江小片,,,豪,P,暴,ɔ,,
BL01,北仑城关,太湖片-甬江小片,,,豪,P,菢,,,
BL01,北仑城关,太湖片-甬江小片,,,豪,M,毛,ɔ,,
BL01,北仑城关,太湖片-甬江小片,,,豪,M,冒,ɔ,,
BL01,北仑城关,太湖片-甬江小片,,,豪,M,帽,ɔ,,
BL01,北仑城关,太湖片-甬江小片,,,豪,M,瑁,,,
BL01,北仑城关,太湖片-甬江小片,,,豪,T,刀,ɔ,,
BL01,北仑城关,太湖片-甬江小片,,,豪,T,叨,ɔ,,
BL01,北仑城关,太湖片-甬江小片,,,豪,T,祷,ɔ,,
BL01,北仑城关,太湖片-甬江小片,,,豪,T,岛,ɔ,,
BL01,北仑城关,太湖片-甬江小片,,,豪,T,倒,ɔ,,
BL01,北仑城关,太湖片-甬江小片,,,豪,T,捣,,,
BL01,北仑城关,太湖片-甬江小片,,,豪,T,到,ɔ,,
BL01,北仑城关,太湖片-甬江小片,,,豪,T,倒,ɔ,,
BL01,北仑城关,太湖片-甬江小片,,,豪,T,滔,ɔ,,
BL01,北仑城关,太湖片-甬江小片,,,豪,T,掏,ɔ,,
BL01,北仑城关,太湖片-甬江小片,,,豪,T,讨,ɔ,,
BL01,北仑城关,太湖片-甬江小片,,,豪,T,套,ɔ,,
BL01,北仑城关,太湖片-甬江小片,,,豪,T,桃,ɔ,,
BL01,北仑城关,太湖片-甬江小片,,,豪,T,逃,ɔ,,
BL01,北仑城关,太湖片-甬江小片,,,豪,T,淘,ɔ,,
BL01,北仑城关,太湖片-甬江小片,,,豪,T,陶,ɔ,,
BL01,北仑城关,太湖片-甬江小片,,,豪,T,萄,ɔ,,
BL01,北仑城关,太湖片-甬江小片,,,豪,T,涛,ɔ,,
BL01,北仑城关,太湖片-甬江小片,,,豪,T,道,ɔ,,
BL01,北仑城关,太湖片-甬江小片,,,豪,T,稻,ɔ,,
BL01,北仑城关,太湖片-甬江小片,,,豪,T,盗,ɔ,,
BL01,北仑城关,太湖片-甬江小片,,,豪,T,导,ɔ,,
BL01,北仑城关,太湖片-甬江小片,,,豪,T,蹈,,,
BL01,北仑城关,太湖片-甬江小片,,,豪,N,脑,ɔ,,
BL01,北仑城关,太湖片-甬江小片,,,豪,N,恼,ɔ,,
BL01,北仑城关,太湖片-甬江小片,,,豪,L,劳,ɔ,,
BL01,北仑城关,太湖片-甬江小片,,,豪,L,捞,ɔ,,
BL01,北仑城关,太湖片-甬江小片,,,豪,L,唠,ɔ,,
BL01,北仑城关,太湖片-甬江小片,,,豪,L,牢,ɔ,,
BL01,北仑城关,太湖片-甬江小片,,,豪,L,痨,,,
BL01,北仑城关,太湖片-甬江小片,,,豪,L,老,ɔ/a,/～太婆,
BL01,北仑城关,太湖片-甬江小片,,,豪,L,佬,,,
BL01,北仑城关,太湖片-甬江小片,,,豪,L,涝,ɔ,,
BL01,北仑城关,太湖片-甬江小片,,,豪,TS,遭,ɔ,,
BL01,北仑城关,太湖片-甬江小片,,,豪,TS,糟,ɔ,,
BL01,北仑城关,太湖片-甬江小片,,,豪,TS,早,ɔ,,
BL01,北仑城关,太湖片-甬江小片,,,豪,TS,枣,ɔ,,
BL01,北仑城关,太湖片-甬江小片,,,豪,TS,蚤,ɔ,,
BL01,北仑城关,太湖片-甬江小片,,,豪,TS,澡,ɔ,,
BL01,北仑城关,太湖片-甬江小片,,,豪,TS,藻,,,
BL01,北仑城关,太湖片-甬江小片,,,豪,TS,躁,ɔ,,
BL01,北仑城关,太湖片-甬江小片,,,豪,TS,灶,ɔ,,
BL01,北仑城关,太湖片-甬江小片,,,豪,TS,操,ɔ,,
BL01,北仑城关,太湖片-甬江小片,,,豪,TS,草,ɔ,,
BL01,北仑城关,太湖片-甬江小片,,,豪,TS,騲,,,
BL01,北仑城关,太湖片-甬江小片,,,豪,TS,糙,ɔ,,
BL01,北仑城关,太湖片-甬江小片,,,豪,TS,曹,ɔ,,
BL01,北仑城关,太湖片-甬江小片,,,豪,TS,槽,ɔ,,
BL01,北仑城关,太湖片-甬江小片,,,豪,TS,皂,ɔ,,
BL01,北仑城关,太湖片-甬江小片,,,豪,TS,造,ɔ,,
BL01,北仑城关,太湖片-甬江小片,,,豪,TS,骚,ɔ,,
BL01,北仑城关,太湖片-甬江小片,,,豪,TS,臊,ɔ,,
BL01,北仑城关,太湖片-甬江小片,,,豪,TS,扫,ɔ,,
BL01,北仑城关,太湖片-甬江小片,,,豪,TS,嫂,ɔ,,
BL01,北仑城关,太湖片-甬江小片,,,豪,TS,扫,ɔ,,
BL01,北仑城关,太湖片-甬江小片,,,豪,TS,燥,,,
BL01,北仑城关,太湖片-甬江小片,,,豪,K,高,ɔ,,
BL01,北仑城关,太湖片-甬江小片,,,豪,K,膏,ɔ,,
BL01,北仑城关,太湖片-甬江小片,,,豪,K,篙,ɔ,,
BL01,北仑城关,太湖片-甬江小片,,,豪,K,羔,ɔ,,
BL01,北仑城关,太湖片-甬江小片,,,豪,K,糕,ɔ,,
BL01,北仑城关,太湖片-甬江小片,,,豪,K,稿,ɔ,,
BL01,北仑城关,太湖片-甬江小片,,,豪,K,告,ɔ,,
BL01,北仑城关,太湖片-甬江小片,,,豪,K,膏,ɔ,,
BL01,北仑城关,太湖片-甬江小片,,,豪,K,考,ɔ,,
BL01,北仑城关,太湖片-甬江小片,,,豪,K,烤,ɔ,,
BL01,北仑城关,太湖片-甬江小片,,,豪,K,拷,,,
BL01,北仑城关,太湖片-甬江小片,,,豪,K,靠,ɔ,,
BL01,北仑城关,太湖片-甬江小片,,,豪,K,犒,ɔ,,
BL01,北仑城关,太湖片-甬江小片,,,豪,K,铐,,,
BL01,北仑城关,太湖片-甬江小片,,,豪,K,㸆,,,
BL01,北仑城关,太湖片-甬江小片,,,豪,K,熬,ɔ,,
BL01,北仑城关,太湖片-甬江小片,,,豪,K,敖,,,
BL01,北仑城关,太湖片-甬江小片,,,豪,K,鳌,,,
BL01,北仑城关,太湖片-甬江小片,,,豪,K,傲,ɔ,,
BL01,北仑城关,太湖片-甬江小片,,,豪,K,鏊,,,
BL01,北仑城关,太湖片-甬江小片,,,豪,Ø,蒿,ɔ,,
BL01,北仑城关,太湖片-甬江小片,,,豪,Ø,薅,,,
BL01,北仑城关,太湖片-甬江小片,,,豪,Ø,好,ɔ,,
BL01,北仑城关,太湖片-甬江小片,,,豪,Ø,好,ɔ,,
BL01,北仑城关,太湖片-甬江小片,,,豪,Ø,耗,ɔ,,
BL01,北仑城关,太湖片-甬江小片,,,豪,Ø,豪,ɔ,,
BL01,北仑城关,太湖片-甬江小片,,,豪,Ø,壕,ɔ,,
BL01,北仑城关,太湖片-甬江小片,,,豪,Ø,毫,ɔ,,
BL01,北仑城关,太湖片-甬江小片,,,豪,Ø,号,ɔ,,
BL01,北仑城关,太湖片-甬江小片,,,豪,Ø,蠔,,,
BL01,北仑城关,太湖片-甬江小片,,,豪,Ø,浩,ɔ,,
BL01,北仑城关,太湖片-甬江小片,,,豪,Ø,号,ɔ,,
BL01,北仑城关,太湖片-甬江小片,,,豪,Ø,爊,,,
BL01,北仑城关,太湖片-甬江小片,,,豪,Ø,袄,ɔ,,
BL01,北仑城关,太湖片-甬江小片,,,豪,Ø,懊,ɔ,,
BL01,北仑城关,太湖片-甬江小片,,,豪,Ø,奥,ɔ,,
BL01,北仑城关,太湖片-甬江小片,,,豪,Ø,懊,ɔ,,
BL01,北仑城关,太湖片-甬江小片,,,豪,Ø,澳,,,
BL01,北仑城关,太湖片-甬江小片,,,侯,P,剖,au,,
BL01,北仑城关,太湖片-甬江小片,,,侯,M,某,au,,
BL01,北仑城关,太湖片-甬江小片,,,侯,M,亩,øy/m,文读/白读,
BL01,北仑城关,太湖片-甬江小片,,,侯,M,牡,øy,,
BL01,北仑城关,太湖片-甬江小片,,,侯,M,母,øy/m,文读/白读,
BL01,北仑城关,太湖片-甬江小片,,,侯,M,拇,øy,,
BL01,北仑城关,太湖片-甬江小片,,,侯,M,戊,ŋ,,
BL01,北仑城关,太湖片-甬江小片,,,侯,M,茂,øyɔ,,
BL01,北仑城关,太湖片-甬江小片,,,侯,M,贸,øy/ɔ,,
BL01,北仑城关,太湖片-甬江小片,,,侯,T,兜,øy,,
BL01,北仑城关,太湖片-甬江小片,,,侯,T,斗,øy,,
BL01,北仑城关,太湖片-甬江小片,,,侯,T,抖,øy,,
BL01,北仑城关,太湖片-甬江小片,,,侯,T,陡,øy,,
BL01,北仑城关,太湖片-甬江小片,,,侯,T,蚪,,,
BL01,北仑城关,太湖片-甬江小片,,,侯,T,斗,øy,,
BL01,北仑城关,太湖片-甬江小片,,,侯,T,偷,øy,,
BL01,北仑城关,太湖片-甬江小片,,,侯,T,敨,øy,,
BL01,北仑城关,太湖片-甬江小片,,,侯,T,透,øy,,
BL01,北仑城关,太湖片-甬江小片,,,侯,T,头,øy,,
BL01,北仑城关,太湖片-甬江小片,,,侯,T,投,øy,,
BL01,北仑城关,太湖片-甬江小片,,,侯,T,骰,,,
BL01,北仑城关,太湖片-甬江小片,,,侯,T,豆,øy,,
BL01,北仑城关,太湖片-甬江小片,,,侯,T,逗,øy,,
BL01,北仑城关,太湖片-甬江小片,,,侯,T,痘,,,
BL01,北仑城关,太湖片-甬江小片,,,侯,T,脰,,,
BL01,北仑城关,太湖片-甬江小片,,,侯,L,楼,øy,,
BL01,北仑城关,太湖片-甬江小片,,,侯,L,搂,,,
BL01,北仑城关,太湖片-甬江小片,,,侯,L,耧,,,
BL01,北仑城关,太湖片-甬江小片,,,侯,L,娄,,,
BL01,北仑城关,太湖片-甬江小片,,,侯,L,搂,,,
BL01,北仑城关,太湖片-甬江小片,,,侯,L,篓,øy,,
BL01,北仑城关,太湖片-甬江小片,,,侯,L,溇,,,
BL01,北仑城关,太湖片-甬江小片,,,侯,L,漏,øy,,
BL01,北仑城关,太湖片-甬江小片,,,侯,L,陋,øy,,
BL01,北仑城关,太湖片-甬江小片,,,侯,TS,走,øy,,
BL01,北仑城关,太湖片-甬江小片,,,侯,TS,奏,øy,,
BL01,北仑城关,太湖片-甬江小片,,,侯,TS,凑,øy,,
BL01,北仑城关,太湖片-甬江小片,,,侯,TS,叟,øy,,
BL01,北仑城关,太湖片-甬江小片,,,侯,TS,嗽,øy,,
BL01,北仑城关,太湖片-甬江小片,,,侯,K,勾,øy,,
BL01,北仑城关,太湖片-甬江小片,,,侯,K,钩,øy,,
BL01,北仑城关,太湖片-甬江小片,,,侯,K,沟,øy,,
BL01,北仑城关,太湖片-甬江小片,,,侯,K,狗,øy,,
BL01,北仑城关,太湖片-甬江小片,,,侯,K,苟,øy,,
BL01,北仑城关,太湖片-甬江小片,,,侯,K,垢,,,
BL01,北仑城关,太湖片-甬江小片,,,侯,K,枸,,,
BL01,北仑城关,太湖片-甬江小片,,,侯,K,彀,,,
BL01,北仑城关,太湖片-甬江小片,,,侯,K,够,øy,,
BL01,北仑城关,太湖片-甬江小片,,,侯,K,构,øy,,
BL01,北仑城关,太湖片-甬江小片,,,侯,K,购,øy,,
BL01,北仑城关,太湖片-甬江小片,,,侯,K,勾,øy,,
BL01,北仑城关,太湖片-甬江小片,,,侯,K,抠,øy,,
BL01,北仑城关,太湖片-甬江小片,,,侯,K,眍,øy,,
BL01,北仑城关,太湖片-甬江小片,,,侯,K,口,øy,,
BL01,北仑城关,太湖片-甬江小片,,,侯,K,叩,øy,,
BL01,北仑城关,太湖片-甬江小片,,,侯,K,扣,øy,,
BL01,北仑城关,太湖片-甬江小片,,,侯,K,寇,øy,,
BL01,北仑城关,太湖片-甬江小片,,,侯,K,藕,øy,,
BL01,北仑城关,太湖片-甬江小片,,,侯,K,偶,øy,,
BL01,北仑城关,太湖片-甬江小片,,,侯,K,偶,øy,,
BL01,北仑城关,太湖片-甬江小片,,,侯,Ø,吼,øy,,
BL01,北仑城关,太湖片-甬江小片,,,侯,Ø,侯,øy,,
BL01,北仑城关,太湖片-甬江小片,,,侯,Ø,喉,øy,,
BL01,北仑城关,太湖片-甬江小片,,,侯,Ø,猴,øy,,
BL01,北仑城关,太湖片-甬江小片,,,侯,Ø,瘊,øy,,
BL01,北仑城关,太湖片-甬江小片,,,侯,Ø,後,øy,,
BL01,北仑城关,太湖片-甬江小片,,,侯,Ø,厚,øy,,
BL01,北仑城关,太湖片-甬江小片,,,侯,Ø,后,øy,,
BL01,北仑城关,太湖片-甬江小片,,,侯,Ø,候,øy,,
BL01,北仑城关,太湖片-甬江小片,,,侯,Ø,鲎,øy,,
BL01,北仑城关,太湖片-甬江小片,,,侯,Ø,欧,øy,,
BL01,北仑城关,太湖片-甬江小片,,,侯,Ø,瓯,øy,,
BL01,北仑城关,太湖片-甬江小片,,,侯,Ø,区,,,
BL01,北仑城关,太湖片-甬江小片,,,侯,Ø,鸥,,,
BL01,北仑城关,太湖片-甬江小片,,,侯,Ø,呕,øy,,
BL01,北仑城关,太湖片-甬江小片,,,侯,Ø,殴,øy,,
BL01,北仑城关,太湖片-甬江小片,,,侯,Ø,沤,øy,,
BL01,北仑城关,太湖片-甬江小片,,,侯,Ø,怄,øy,,
BL01,北仑城关,太湖片-甬江小片,,,皆,P,拜,a,,
BL01,北仑城关,太湖片-甬江小片,,,皆,P,排,a,,
BL01,北仑城关,太湖片-甬江小片,,,皆,P,�,,,
BL01,北仑城关,太湖片-甬江小片,,,皆,M,埋,ɛ,,
BL01,北仑城关,太湖片-甬江小片,,,皆,L,攋,a,,
BL01,北仑城关,太湖片-甬江小片,,,皆,TS*,䍉,,,
BL01,北仑城关,太湖片-甬江小片,,,皆,TS*,箉,,,
BL01,北仑城关,太湖片-甬江小片,,,皆,TS*,斋,e,,
BL01,北仑城关,太湖片-甬江小片,,,皆,TS*,豺,a,,
BL01,北仑城关,太湖片-甬江小片,,,皆,K,皆,e,,
BL01,北仑城关,太湖片-甬江小片,,,皆,K,阶,a,,
BL01,北仑城关,太湖片-甬江小片,,,皆,K,稭,,,
BL01,北仑城关,太湖片-甬江小片,,,皆,K,偕,,,
BL01,北仑城关,太湖片-甬江小片,,,皆,K,介,a,,
BL01,北仑城关,太湖片-甬江小片,,,皆,K,界,a,,
BL01,北仑城关,太湖片-甬江小片,,,皆,K,芥,a,,
BL01,北仑城关,太湖片-甬江小片,,,皆,K,尬,a,,
BL01,北仑城关,太湖片-甬江小片,,,皆,K,疥,,,
BL01,北仑城关,太湖片-甬江小片,,,皆,K,届,a,,
BL01,北仑城关,太湖片-甬江小片,,,皆,K,戒,a,,
BL01,北仑城关,太湖片-甬江小片,,,皆,K,庎,,,
BL01,北仑城关,太湖片-甬江小片,,,皆,K,揩,a,,
BL01,北仑城关,太湖片-甬江小片,,,皆,K,楷,a,,
BL01,北仑城关,太湖片-甬江小片,,,皆,Ø,谐,,,
BL01,北仑城关,太湖片-甬江小片,,,皆,Ø,骇,e,,
BL01,北仑城关,太湖片-甬江小片,,,皆,Ø,械,e,,
BL01,北仑城关,太湖片-甬江小片,,,皆,Ø,挨,,,
BL01,北仑城关,太湖片-甬江小片,,,佳,P,摆,a,,
BL01,北仑城关,太湖片-甬江小片,,,佳,P,派,a,,
BL01,北仑城关,太湖片-甬江小片,,,佳,P,牌,a,,
BL01,北仑城关,太湖片-甬江小片,,,佳,P,簰,a,,
BL01,北仑城关,太湖片-甬江小片,,,佳,P,罢,a,,
BL01,北仑城关,太湖片-甬江小片,,,佳,P,稗,,,
BL01,北仑城关,太湖片-甬江小片,,,佳,M,买,a,,
BL01,北仑城关,太湖片-甬江小片,,,佳,M,卖,a,,
BL01,北仑城关,太湖片-甬江小片,,,佳,N,奶,a,,
BL01,北仑城关,太湖片-甬江小片,,,佳,TS*,债,a,,
BL01,北仑城关,太湖片-甬江小片,,,佳,TS*,钗,a,,
BL01,北仑城关,太湖片-甬江小片,,,佳,TS*,差,a/o,出～/～别,
BL01,北仑城关,太湖片-甬江小片,,,佳,TS*,柴,a,,
BL01,北仑城关,太湖片-甬江小片,,,佳,TS*,筛,a,,
BL01,北仑城关,太湖片-甬江小片,,,佳,TS*,洒,a,,
BL01,北仑城关,太湖片-甬江小片,,,佳,TS*,晒,a,,
BL01,北仑城关,太湖片-甬江小片,,,佳,K,佳,ia,,
BL01,北仑城关,太湖片-甬江小片,,,佳,K,街,a,,
BL01,北仑城关,太湖片-甬江小片,,,佳,K,解,a,,
BL01,北仑城关,太湖片-甬江小片,,,佳,K,懈,a/e,,
BL01,北仑城关,太湖片-甬江小片,,,佳,K,涯,ia,,
BL01,北仑城关,太湖片-甬江小片,,,佳,K,崖,ia,,
BL01,北仑城关,太湖片-甬江小片,,,佳,K,捱,a/e,,
BL01,北仑城关,太湖片-甬江小片,,,佳,Ø,鞋,a,,
BL01,北仑城关,太湖片-甬江小片,,,佳,Ø,解,a,,
BL01,北仑城关,太湖片-甬江小片,,,佳,Ø,解,a,,
BL01,北仑城关,太湖片-甬江小片,,,佳,Ø,蟹,a,,
BL01,北仑城关,太湖片-甬江小片,,,佳,Ø,矮,a,,
BL01,北仑城关,太湖片-甬江小片,,,佳,Ø,隘,a,,