point_id,point_name,subbranch,lat,lon,韵,声组,汉字,读音,note,富阳方言研究
FY01,富阳城关,太湖片-临绍小片,,,歌,T,多,ʊ,,
FY01,富阳城关,太湖片-临绍小片,,,歌,T,拖,a/ʊ,～动/～拉机,
FY01,富阳城关,太湖片-临绍小片,,,歌,T,他,a,,
FY01,富阳城关,太湖片-临绍小片,,,歌,T,驼,ʊ,,
FY01,富阳城关,太湖片-临绍小片,,,歌,T,驮,ʊ,,
FY01,富阳城关,太湖片-临绍小片,,,歌,T,陀,,,
FY01,富阳城关,太湖片-临绍小片,,,歌,T,鸵,,,
FY01,富阳城关,太湖片-临绍小片,,,歌,T,沱,,,
FY01,富阳城关,太湖片-临绍小片,,,歌,T,舵,ʊ,,
FY01,富阳城关,太湖片-临绍小片,,,歌,T,大,a/ʊ,文读/白读,
FY01,富阳城关,太湖片-临绍小片,,,歌,T,驮,ʊ,,
FY01,富阳城关,太湖片-临绍小片,,,歌,N,挪,o,,
FY01,富阳城关,太湖片-临绍小片,,,歌,N,哪,a,,
FY01,富阳城关,太湖片-临绍小片,,,歌,N,那,a,,
FY01,富阳城关,太湖片-临绍小片,,,歌,L,罗,ʊ,,
FY01,富阳城关,太湖片-临绍小片,,,歌,L,锣,ʊ,,
FY01,富阳城关,太湖片-临绍小片,,,歌,L,箩,ʊ,,
FY01,富阳城关,太湖片-临绍小片,,,歌,L,萝,ʊ,,
FY01,富阳城关,太湖片-临绍小片,,,歌,L,逻,,,
FY01,富阳城关,太湖片-临绍小片,,,歌,TS,左,ʊ,,
FY01,富阳城关,太湖片-临绍小片,,,歌,TS,佐,ʊ,,
FY01,富阳城关,太湖片-临绍小片,,,歌,TS,搓,ʊ,,
FY01,富阳城关,太湖片-临绍小片,,,歌,TS,娑,,,
FY01,富阳城关,太湖片-临绍小片,,,歌,K,歌,ʊ,,
FY01,富阳城关,太湖片-临绍小片,,,歌,K,哥,ʊ,,
FY01,富阳城关,太湖片-临绍小片,,,歌,K,柯,ʊ,,
FY01,富阳城关,太湖片-临绍小片,,,歌,K,个,ʊ,,
FY01,富阳城关,太湖片-临绍小片,,,歌,K,轲,,,
FY01,富阳城关,太湖片-临绍小片,,,歌,K,可,ʊ,,
FY01,富阳城关,太湖片-临绍小片,,,歌,K,蛾,ʊ,,
FY01,富阳城关,太湖片-临绍小片,,,歌,K,鹅,ʊ,,
FY01,富阳城关,太湖片-临绍小片,,,歌,K,俄,ʊ,,
FY01,富阳城关,太湖片-临绍小片,,,歌,K,娥,,,
FY01,富阳城关,太湖片-临绍小片,,,歌,K,我,ʊ,,
FY01,富阳城关,太湖片-临绍小片,,,歌,K,饿,ʊ,,
FY01,富阳城关,太湖片-临绍小片,,,歌,Ø,荷,ku/u,薄～/～花,
FY01,富阳城关,太湖片-临绍小片,,,歌,Ø,河,u,,
FY01,富阳城关,太湖片-临绍小片,,,歌,Ø,何,u/a/o,/～里/～事,
FY01,富阳城关,太湖片-临绍小片,,,歌,Ø,荷,ku/u,薄～/～花,
FY01,富阳城关,太湖片-临绍小片,,,歌,Ø,贺,u,,
FY01,富阳城关,太湖片-临绍小片,,,歌,Ø,阿,o,～弥陀佛,
FY01,富阳城关,太湖片-临绍小片,,,歌,Ø,屙,,,
FY01,富阳城关,太湖片-临绍小片,,,戈,K,茄,ia,,
FY01,富阳城关,太湖片-临绍小片,,,戈,P,波,u,,
FY01,富阳城关,太湖片-临绍小片,,,戈,P,菠,u,,
FY01,富阳城关,太湖片-临绍小片,,,戈,P,跛,,,
FY01,富阳城关,太湖片-临绍小片,,,戈,P,簸,u,,
FY01,富阳城关,太湖片-临绍小片,,,戈,P,簸,u,,
FY01,富阳城关,太湖片-临绍小片,,,戈,P,播,,,
FY01,富阳城关,太湖片-临绍小片,,,戈,P,颇,,,
FY01,富阳城关,太湖片-临绍小片,,,戈,P,坡,u,,
FY01,富阳城关,太湖片-临绍小片,,,戈,P,玻,u,,
FY01,富阳城关,太湖片-临绍小片,,,戈,P,破,u/o,文读/东西～,
FY01,富阳城关,太湖片-临绍小片,,,戈,P,婆,u,,
FY01,富阳城关,太湖片-临绍小片,,,戈,P,薄,u,,
FY01,富阳城关,太湖片-临绍小片,,,戈,M,魔,ʊ,,
FY01,富阳城关,太湖片-临绍小片,,,戈,M,磨,a/ʊ,{慢移}/动作、工具,
FY01,富阳城关,太湖片-临绍小片,,,戈,M,摩,ʊ,,
FY01,富阳城关,太湖片-临绍小片,,,戈,M,馍,,,
FY01,富阳城关,太湖片-临绍小片,,,戈,M,蘑,,,
FY01,富阳城关,太湖片-临绍小片,,,戈,M,磨,a/ʊ,{慢移}/动作、工具,
FY01,富阳城关,太湖片-临绍小片,,,戈,T,朵,ʊ,,
FY01,富阳城关,太湖片-临绍小片,,,戈,T,躲,ʊ,,
FY01,富阳城关,太湖片-临绍小片,,,戈,T,剁,,,
FY01,富阳城关,太湖片-临绍小片,,,戈,T,妥,ʊ,,
FY01,富阳城关,太湖片-临绍小片,,,戈,T,椭,ʊ,,
FY01,富阳城关,太湖片-临绍小片,,,戈,T,唾,ʊ,,
FY01,富阳城关,太湖片-临绍小片,,,戈,T,砣,,,
FY01,富阳城关,太湖片-临绍小片,,,戈,T,惰,ʊ,,
FY01,富阳城关,太湖片-临绍小片,,,戈,T,垛,,,
FY01,富阳城关,太湖片-临绍小片,,,戈,T,堕,ʊ,,
FY01,富阳城关,太湖片-临绍小片,,,戈,N,挼,ʊ,,
FY01,富阳城关,太湖片-临绍小片,,,戈,N,糯,ʊ,,
FY01,富阳城关,太湖片-临绍小片,,,戈,N,懦,,,
FY01,富阳城关,太湖片-临绍小片,,,戈,L,骡,i,～合子{骡子},
FY01,富阳城关,太湖片-临绍小片,,,戈,L,螺,ʊ,,
FY01,富阳城关,太湖片-临绍小片,,,戈,L,脶,ʊ,,
FY01,富阳城关,太湖片-临绍小片,,,戈,L,啰,ʊ,,
FY01,富阳城关,太湖片-临绍小片,,,戈,L,裸,,,
FY01,富阳城关,太湖片-临绍小片,,,戈,L,瘰,,,
FY01,富阳城关,太湖片-临绍小片,,,戈,L,摞,,,
FY01,富阳城关,太湖片-临绍小片,,,戈,TS,锉,,,
FY01,富阳城关,太湖片-临绍小片,,,戈,TS,莝,,,
FY01,富阳城关,太湖片-临绍小片,,,戈,TS,矬,,,
FY01,富阳城关,太湖片-临绍小片,,,戈,TS,坐,ʊ,,
FY01,富阳城关,太湖片-临绍小片,,,戈,TS,座,,,
FY01,富阳城关,太湖片-临绍小片,,,戈,TS,蓑,ʊ,,
FY01,富阳城关,太湖片-临绍小片,,,戈,TS,梭,ʊ,,
FY01,富阳城关,太湖片-临绍小片,,,戈,TS,唆,,,
FY01,富阳城关,太湖片-临绍小片,,,戈,TS,莎,,,
FY01,富阳城关,太湖片-临绍小片,,,戈,TS,锁,ʊ,,
FY01,富阳城关,太湖片-临绍小片,,,戈,TS,琐,ʊ,,
FY01,富阳城关,太湖片-临绍小片,,,戈,TS,唢,,,
FY01,富阳城关,太湖片-临绍小片,,,戈,K,过,u,,
FY01,富阳城关,太湖片-临绍小片,,,戈,K,锅,u,,
FY01,富阳城关,太湖片-临绍小片,,,戈,K,戈,u,,
FY01,富阳城关,太湖片-临绍小片,,,戈,K,果,u,,
FY01,富阳城关,太湖片-临绍小片,,,戈,K,裹,u,,
FY01,富阳城关,太湖片-临绍小片,,,戈,K,餜,u,,
FY01,富阳城关,太湖片-临绍小片,,,戈,K,过,u,,
FY01,富阳城关,太湖片-临绍小片,,,戈,K,科,ʊ,,
FY01,富阳城关,太湖片-临绍小片,,,戈,K,窠,ʊ,,
FY01,富阳城关,太湖片-临绍小片,,,戈,K,棵,ʊ,,
FY01,富阳城关,太湖片-临绍小片,,,戈,K,髁,ʊ,,
FY01,富阳城关,太湖片-临绍小片,,,戈,K,蝌,,,
FY01,富阳城关,太湖片-临绍小片,,,戈,K,颗,ʊ,,
FY01,富阳城关,太湖片-临绍小片,,,戈,K,课,ʊ,,
FY01,富阳城关,太湖片-临绍小片,,,戈,K,讹,,,
FY01,富阳城关,太湖片-临绍小片,,,戈,K,卧,ʊ,,
FY01,富阳城关,太湖片-临绍小片,,,戈,Ø,火,u,,
FY01,富阳城关,太湖片-临绍小片,,,戈,Ø,伙,u,,
FY01,富阳城关,太湖片-临绍小片,,,戈,Ø,货,u,,
FY01,富阳城关,太湖片-临绍小片,,,戈,Ø,和,u,,
FY01,富阳城关,太湖片-临绍小片,,,戈,Ø,禾,u,,
FY01,富阳城关,太湖片-临绍小片,,,戈,Ø,祸,u,,
FY01,富阳城关,太湖片-临绍小片,,,戈,Ø,夥,,,
FY01,富阳城关,太湖片-临绍小片,,,戈,Ø,和,u,,
FY01,富阳城关,太湖片-临绍小片,,,戈,Ø,倭,u,,
FY01,富阳城关,太湖片-临绍小片,,,戈,Ø,踒,,,
FY01,富阳城关,太湖片-临绍小片,,,戈,Ø,窝,u,,
FY01,富阳城关,太湖片-临绍小片,,,戈,Ø,涡,,,
FY01,富阳城关,太湖片-临绍小片,,,戈,Ø,莴,u,,
FY01,富阳城关,太湖片-临绍小片,,,戈,Ø,涴,u,,
FY01,富阳城关,太湖片-临绍小片,,,戈,Ø,瘸,ua,,
FY01,富阳城关,太湖片-临绍小片,,,戈,Ø,靴,yɛ,,
FY01,富阳城关,太湖片-临绍小片,,,戈,Ø,�,,,
FY01,富阳城关,太湖片-临绍小片,,,麻,P,巴,o,,
FY01,富阳城关,太湖片-临绍小片,,,麻,P,芭,o,,
FY01,富阳城关,太湖片-临绍小片,,,麻,P,疤,o,,
FY01,富阳城关,太湖片-临绍小片,,,麻,P,笆,,,
FY01,富阳城关,太湖片-临绍小片,,,麻,P,吧,,,
FY01,富阳城关,太湖片-临绍小片,,,麻,P,把,o,,
FY01,富阳城关,太湖片-临绍小片,,,麻,P,靶,,,
FY01,富阳城关,太湖片-临绍小片,,,麻,P,霸,o,,
FY01,富阳城关,太湖片-临绍小片,,,麻,P,欛,,,
FY01,富阳城关,太湖片-临绍小片,,,麻,P,壩,,,
FY01,富阳城关,太湖片-临绍小片,,,麻,P,坝,o,,
FY01,富阳城关,太湖片-临绍小片,,,麻,P,爸,a,,
FY01,富阳城关,太湖片-临绍小片,,,麻,P,怕,o,,
FY01,富阳城关,太湖片-临绍小片,,,麻,P,帕,,,
FY01,富阳城关,太湖片-临绍小片,,,麻,P,爬,o,,
FY01,富阳城关,太湖片-临绍小片,,,麻,P,琶,o,,
FY01,富阳城关,太湖片-临绍小片,,,麻,P,杷,o,,
FY01,富阳城关,太湖片-临绍小片,,,麻,P,钯,,,
FY01,富阳城关,太湖片-临绍小片,,,麻,P,耙,o,,
FY01,富阳城关,太湖片-临绍小片,,,麻,M,麻,o,,
FY01,富阳城关,太湖片-临绍小片,,,麻,M,痲,,,
FY01,富阳城关,太湖片-临绍小片,,,麻,M,蟆,o,,
FY01,富阳城关,太湖片-临绍小片,,,麻,M,妈,a,,
FY01,富阳城关,太湖片-临绍小片,,,麻,M,马,a,文读驸～,
FY01,富阳城关,太湖片-临绍小片,,,麻,M,码,o,,
FY01,富阳城关,太湖片-临绍小片,,,麻,M,玛,,,
FY01,富阳城关,太湖片-临绍小片,,,麻,M,蚂,o,,
FY01,富阳城关,太湖片-临绍小片,,,麻,M,骂,o,,
FY01,富阳城关,太湖片-临绍小片,,,麻,N,拿,a,推～,
FY01,富阳城关,太湖片-临绍小片,,,麻,TS,茶,o,,
FY01,富阳城关,太湖片-临绍小片,,,麻,TS,搽,o,,
FY01,富阳城关,太湖片-临绍小片,,,麻,TS,䖳,,,
FY01,富阳城关,太湖片-临绍小片,,,麻,TS*,楂,o,,
FY01,富阳城关,太湖片-临绍小片,,,麻,TS*,渣,o,,
FY01,富阳城关,太湖片-临绍小片,,,麻,TS*,诈,o,,
FY01,富阳城关,太湖片-临绍小片,,,麻,TS*,榨,o,,
FY01,富阳城关,太湖片-临绍小片,,,麻,TS*,炸,o,,
FY01,富阳城关,太湖片-临绍小片,,,麻,TS*,叉,o,,
FY01,富阳城关,太湖片-临绍小片,,,麻,TS*,杈,o,,
FY01,富阳城关,太湖片-临绍小片,,,麻,TS*,差,a/o,,
FY01,富阳城关,太湖片-临绍小片,,,麻,TS*,岔,o,,
FY01,富阳城关,太湖片-临绍小片,,,麻,TS*,差,a/o,,
FY01,富阳城关,太湖片-临绍小片,,,麻,TS*,茬,,,
FY01,富阳城关,太湖片-临绍小片,,,麻,TS*,查,o,,
FY01,富阳城关,太湖片-临绍小片,,,麻,TS*,乍,,,
FY01,富阳城关,太湖片-临绍小片,,,麻,TS*,沙,o,,
FY01,富阳城关,太湖片-临绍小片,,,麻,TS*,纱,o,,
FY01,富阳城关,太湖片-临绍小片,,,麻,TS*,痧,o,,
FY01,富阳城关,太湖片-临绍小片,,,麻,TS*,砂,o,,
FY01,富阳城关,太湖片-临绍小片,,,麻,TS*,鲨,,,
FY01,富阳城关,太湖片-临绍小片,,,麻,TS*,裟,o,,
FY01,富阳城关,太湖片-临绍小片,,,麻,TS*,洒,a,,
FY01,富阳城关,太湖片-临绍小片,,,麻,TS*,厦,a,,
FY01,富阳城关,太湖片-临绍小片,,,麻,K,家,o,,
FY01,富阳城关,太湖片-临绍小片,,,麻,K,傢,,,
FY01,富阳城关,太湖片-临绍小片,,,麻,K,加,o,,
FY01,富阳城关,太湖片-临绍小片,,,麻,K,痂,,,
FY01,富阳城关,太湖片-临绍小片,,,麻,K,嘉,o,,
FY01,富阳城关,太湖片-临绍小片,,,麻,K,枷,ia,,
FY01,富阳城关,太湖片-临绍小片,,,麻,K,袈,o,,
FY01,富阳城关,太湖片-临绍小片,,,麻,K,假,o,,
FY01,富阳城关,太湖片-临绍小片,,,麻,K,贾,ia,,
FY01,富阳城关,太湖片-临绍小片,,,麻,K,假,o,,
FY01,富阳城关,太湖片-临绍小片,,,麻,K,架,o,,
FY01,富阳城关,太湖片-临绍小片,,,麻,K,驾,ia,文读,
FY01,富阳城关,太湖片-临绍小片,,,麻,K,嫁,o,,
FY01,富阳城关,太湖片-临绍小片,,,麻,K,稼,o,,
FY01,富阳城关,太湖片-临绍小片,,,麻,K,价,o,,
FY01,富阳城关,太湖片-临绍小片,,,麻,K,揢,o,,
FY01,富阳城关,太湖片-临绍小片,,,麻,K,牙,o,,
FY01,富阳城关,太湖片-临绍小片,,,麻,K,芽,o,,
FY01,富阳城关,太湖片-临绍小片,,,麻,K,衙,o,,
FY01,富阳城关,太湖片-临绍小片,,,麻,K,伢,o,,
FY01,富阳城关,太湖片-临绍小片,,,麻,K,蚜,,,
FY01,富阳城关,太湖片-临绍小片,,,麻,K,雅,ia,文读,
FY01,富阳城关,太湖片-临绍小片,,,麻,K,砑,o,,
FY01,富阳城关,太湖片-临绍小片,,,麻,Ø,虾,o,,
FY01,富阳城关,太湖片-临绍小片,,,麻,Ø,�,,,
FY01,富阳城关,太湖片-临绍小片,,,麻,Ø,嚇,,,
FY01,富阳城关,太湖片-临绍小片,,,麻,Ø,霞,ia,,
FY01,富阳城关,太湖片-临绍小片,,,麻,Ø,瑕,,,
FY01,富阳城关,太湖片-临绍小片,,,麻,Ø,遐,,,
FY01,富阳城关,太湖片-临绍小片,,,麻,Ø,蝦,,,
FY01,富阳城关,太湖片-临绍小片,,,麻,Ø,下,o,,
FY01,富阳城关,太湖片-临绍小片,,,麻,Ø,夏,o,,
FY01,富阳城关,太湖片-临绍小片,,,麻,Ø,厦,,,
FY01,富阳城关,太湖片-临绍小片,,,麻,Ø,下,o,,
FY01,富阳城关,太湖片-临绍小片,,,麻,Ø,夏,o,,
FY01,富阳城关,太湖片-临绍小片,,,麻,Ø,暇,,,
FY01,富阳城关,太湖片-临绍小片,,,麻,Ø,鸦,o,,
FY01,富阳城关,太湖片-临绍小片,,,麻,Ø,丫,o,,
FY01,富阳城关,太湖片-临绍小片,,,麻,Ø,桠,o,,
FY01,富阳城关,太湖片-临绍小片,,,麻,Ø,哑,o,,
FY01,富阳城关,太湖片-临绍小片,,,麻,Ø,亚,ia,,
FY01,富阳城关,太湖片-临绍小片,,,模,P,补,u,,
FY01,富阳城关,太湖片-临绍小片,,,模,P,谱,u,,
FY01,富阳城关,太湖片-临绍小片,,,模,P,哺,u,,
FY01,富阳城关,太湖片-临绍小片,,,模,P,布,u,,
FY01,富阳城关,太湖片-临绍小片,,,模,P,佈,u,,
FY01,富阳城关,太湖片-临绍小片,,,模,P,铺,u,,
FY01,富阳城关,太湖片-临绍小片,,,模,P,潽,u,,
FY01,富阳城关,太湖片-临绍小片,,,模,P,普,u,,
FY01,富阳城关,太湖片-临绍小片,,,模,P,浦,u,,
FY01,富阳城关,太湖片-临绍小片,,,模,P,铺,u,,
FY01,富阳城关,太湖片-临绍小片,,,模,P,怖,u,,
FY01,富阳城关,太湖片-临绍小片,,,模,P,蒲,u,,
FY01,富阳城关,太湖片-临绍小片,,,模,P,菩,u,,
FY01,富阳城关,太湖片-临绍小片,,,模,P,脯,u,,
FY01,富阳城关,太湖片-临绍小片,,,模,P,葡,u,,
FY01,富阳城关,太湖片-临绍小片,,,模,P,莆,,,
FY01,富阳城关,太湖片-临绍小片,,,模,P,部,u,,
FY01,富阳城关,太湖片-临绍小片,,,模,P,簿,u,,
FY01,富阳城关,太湖片-临绍小片,,,模,P,篰,u,,
FY01,富阳城关,太湖片-临绍小片,,,模,P,步,u,,
FY01,富阳城关,太湖片-临绍小片,,,模,P,捕,u,,
FY01,富阳城关,太湖片-临绍小片,,,模,P,埠,u,,
FY01,富阳城关,太湖片-临绍小片,,,模,M,模,ʊ,,
FY01,富阳城关,太湖片-临绍小片,,,模,M,模,ʊ,,
FY01,富阳城关,太湖片-临绍小片,,,模,M,摹,,,
FY01,富阳城关,太湖片-临绍小片,,,模,M,姥,,,
FY01,富阳城关,太湖片-临绍小片,,,模,M,暮,ʊ,,
FY01,富阳城关,太湖片-临绍小片,,,模,M,慕,ʊ,,
FY01,富阳城关,太湖片-临绍小片,,,模,M,墓,ʊ,,
FY01,富阳城关,太湖片-临绍小片,,,模,M,募,ʊ,,
FY01,富阳城关,太湖片-临绍小片,,,模,M,睦,,,
FY01,富阳城关,太湖片-临绍小片,,,模,T,都,ʊ,,
FY01,富阳城关,太湖片-临绍小片,,,模,T,都,ʊ,,
FY01,富阳城关,太湖片-临绍小片,,,模,T,赌,ʊ,,
FY01,富阳城关,太湖片-临绍小片,,,模,T,堵,ʊ,,
FY01,富阳城关,太湖片-临绍小片,,,模,T,肚,ʊ,,
FY01,富阳城关,太湖片-临绍小片,,,模,T,睹,ʊ,,
FY01,富阳城关,太湖片-临绍小片,,,模,T,妒,ʊ,,
FY01,富阳城关,太湖片-临绍小片,,,模,T,土,ʊ,,
FY01,富阳城关,太湖片-临绍小片,,,模,T,吐,ʊ,,
FY01,富阳城关,太湖片-临绍小片,,,模,T,吐,ʊ,,
FY01,富阳城关,太湖片-临绍小片,,,模,T,兔,ʊ,,
FY01,富阳城关,太湖片-临绍小片,,,模,T,徒,ʊ,,
FY01,富阳城关,太湖片-临绍小片,,,模,T,屠,ʊ,,
FY01,富阳城关,太湖片-临绍小片,,,模,T,途,ʊ,,
FY01,富阳城关,太湖片-临绍小片,,,模,T,涂,ʊ,,
FY01,富阳城关,太湖片-临绍小片,,,模,T,图,ʊ,,
FY01,富阳城关,太湖片-临绍小片,,,模,T,杜,ʊ,,
FY01,富阳城关,太湖片-临绍小片,,,模,T,肚,ʊ,,
FY01,富阳城关,太湖片-临绍小片,,,模,T,度,ʊ,,
FY01,富阳城关,太湖片-临绍小片,,,模,T,渡,ʊ,,
FY01,富阳城关,太湖片-临绍小片,,,模,T,镀,ʊ,,
FY01,富阳城关,太湖片-临绍小片,,,模,N,奴,ʊ,,
FY01,富阳城关,太湖片-临绍小片,,,模,N,努,ʊ,,
FY01,富阳城关,太湖片-临绍小片,,,模,N,怒,ʊ,,
FY01,富阳城关,太湖片-临绍小片,,,模,L,卢,ʊ,,
FY01,富阳城关,太湖片-临绍小片,,,模,L,炉,ʊ,,
FY01,富阳城关,太湖片-临绍小片,,,模,L,芦,ʊ,,
FY01,富阳城关,太湖片-临绍小片,,,模,L,鸬,ʊ,,
FY01,富阳城关,太湖片-临绍小片,,,模,L,颅,ʊ,,
FY01,富阳城关,太湖片-临绍小片,,,模,L,鲈,ʊ,,
FY01,富阳城关,太湖片-临绍小片,,,模,L,鲁,ʊ,,
FY01,富阳城关,太湖片-临绍小片,,,模,L,橹,ʊ,,
FY01,富阳城关,太湖片-临绍小片,,,模,L,虏,ʊ,,
FY01,富阳城关,太湖片-临绍小片,,,模,L,卤,ʊ,,
FY01,富阳城关,太湖片-临绍小片,,,模,L,路,ʊ,,
FY01,富阳城关,太湖片-临绍小片,,,模,L,赂,,,
FY01,富阳城关,太湖片-临绍小片,,,模,L,露,ʊ,,
FY01,富阳城关,太湖片-临绍小片,,,模,L,鹭,ʊ,,
FY01,富阳城关,太湖片-临绍小片,,,模,TS,租,ʊ,,
FY01,富阳城关,太湖片-临绍小片,,,模,TS,祖,ʊ,,
FY01,富阳城关,太湖片-临绍小片,,,模,TS,组,ʊ,,
FY01,富阳城关,太湖片-临绍小片,,,模,TS,做,ʊ,,
FY01,富阳城关,太湖片-临绍小片,,,模,TS,粗,ʊ,,
FY01,富阳城关,太湖片-临绍小片,,,模,TS,醋,ʊ,,
FY01,富阳城关,太湖片-临绍小片,,,模,TS,措,ʊ,,
FY01,富阳城关,太湖片-临绍小片,,,模,TS,错,ʊ,,
FY01,富阳城关,太湖片-临绍小片,,,模,TS,苏,ʊ,,
FY01,富阳城关,太湖片-临绍小片,,,模,TS,酥,ʊ,,
FY01,富阳城关,太湖片-临绍小片,,,模,TS,素,ʊ,,
FY01,富阳城关,太湖片-临绍小片,,,模,TS,诉,ʊ,,
FY01,富阳城关,太湖片-临绍小片,,,模,TS,塑,ʊ,,
FY01,富阳城关,太湖片-临绍小片,,,模,TS,嗉,,,
FY01,富阳城关,太湖片-临绍小片,,,模,K,姑,u,,
FY01,富阳城关,太湖片-临绍小片,,,模,K,孤,u,,
FY01,富阳城关,太湖片-临绍小片,,,模,K,箍,u,,
FY01,富阳城关,太湖片-临绍小片,,,模,K,辜,,,
FY01,富阳城关,太湖片-临绍小片,,,模,K,菇,u,,
FY01,富阳城关,太湖片-临绍小片,,,模,K,鸪,u,,
FY01,富阳城关,太湖片-临绍小片,,,模,K,蛄,,,
FY01,富阳城关,太湖片-临绍小片,,,模,K,古,u,,
FY01,富阳城关,太湖片-临绍小片,,,模,K,估,u,,
FY01,富阳城关,太湖片-临绍小片,,,模,K,盬,,,
FY01,富阳城关,太湖片-临绍小片,,,模,K,牯,u,,
FY01,富阳城关,太湖片-临绍小片,,,模,K,股,u,,
FY01,富阳城关,太湖片-临绍小片,,,模,K,鼓,u,,
FY01,富阳城关,太湖片-临绍小片,,,模,K,蛊,,,
FY01,富阳城关,太湖片-临绍小片,,,模,K,故,u,,
FY01,富阳城关,太湖片-临绍小片,,,模,K,固,u,,
FY01,富阳城关,太湖片-临绍小片,,,模,K,锢,,,
FY01,富阳城关,太湖片-临绍小片,,,模,K,雇,u,,
FY01,富阳城关,太湖片-临绍小片,,,模,K,顾,u,,
FY01,富阳城关,太湖片-临绍小片,,,模,K,枯,,,
FY01,富阳城关,太湖片-临绍小片,,,模,K,苦,u,,
FY01,富阳城关,太湖片-临绍小片,,,模,K,库,u,,
FY01,富阳城关,太湖片-临绍小片,,,模,K,裤,u,,
FY01,富阳城关,太湖片-临绍小片,,,模,K,吴,u,文读,
FY01,富阳城关,太湖片-临绍小片,,,模,K,蜈,,,
FY01,富阳城关,太湖片-临绍小片,,,模,K,吾,,,
FY01,富阳城关,太湖片-临绍小片,,,模,K,梧,u,,
FY01,富阳城关,太湖片-临绍小片,,,模,K,五,u,文读,
FY01,富阳城关,太湖片-临绍小片,,,模,K,伍,u,,
FY01,富阳城关,太湖片-临绍小片,,,模,K,午,u,文读,
FY01,富阳城关,太湖片-临绍小片,,,模,K,忤,,,
FY01,富阳城关,太湖片-临绍小片,,,模,K,误,u,,
FY01,富阳城关,太湖片-临绍小片,,,模,K,悟,u,,
FY01,富阳城关,太湖片-临绍小片,,,模,Ø,呼,u,,
FY01,富阳城关,太湖片-临绍小片,,,模,Ø,虎,u,,
FY01,富阳城关,太湖片-临绍小片,,,模,Ø,浒,u,,
FY01,富阳城关,太湖片-临绍小片,,,模,Ø,琥,u,,
FY01,富阳城关,太湖片-临绍小片,,,模,Ø,戽,u,,
FY01,富阳城关,太湖片-临绍小片,,,模,Ø,胡,u,,
FY01,富阳城关,太湖片-临绍小片,,,模,Ø,湖,u,,
FY01,富阳城关,太湖片-临绍小片,,,模,Ø,狐,u,,
FY01,富阳城关,太湖片-临绍小片,,,模,Ø,壶,,,
FY01,富阳城关,太湖片-临绍小片,,,模,Ø,乎,u,,
FY01,富阳城关,太湖片-临绍小片,,,模,Ø,瓠,,,
FY01,富阳城关,太湖片-临绍小片,,,模,Ø,鬍,u,,
FY01,富阳城关,太湖片-临绍小片,,,模,Ø,糊,u,,
FY01,富阳城关,太湖片-临绍小片,,,模,Ø,蝴,u,,
FY01,富阳城关,太湖片-临绍小片,,,模,Ø,瑚,,,
FY01,富阳城关,太湖片-临绍小片,,,模,Ø,户,u,,
FY01,富阳城关,太湖片-临绍小片,,,模,Ø,沪,u,,
FY01,富阳城关,太湖片-临绍小片,,,模,Ø,互,u,,
FY01,富阳城关,太湖片-临绍小片,,,模,Ø,护,u,,
FY01,富阳城关,太湖片-临绍小片,,,模,Ø,瓠,,,
FY01,富阳城关,太湖片-临绍小片,,,模,Ø,糊,u,,
FY01,富阳城关,太湖片-临绍小片,,,模,Ø,乌,u,,
FY01,富阳城关,太湖片-临绍小片,,,模,Ø,污,u,,
FY01,富阳城关,太湖片-临绍小片,,,模,Ø,坞,u,,
FY01,富阳城关,太湖片-临绍小片,,,模,Ø,恶,,,
FY01,富阳城关,太湖片-临绍小片,,,豪,P,褒,ɔ,,
FY01,富阳城关,太湖片-临绍小片,,,豪,P,保,ɔ,,
FY01,富阳城关,太湖片-临绍小片,,,豪,P,堡,ɔ,,
FY01,富阳城关,太湖片-临绍小片,,,豪,P,宝,ɔ,,
FY01,富阳城关,太湖片-临绍小片,,,豪,P,报,ɔ,,
FY01,富阳城关,太湖片-临绍小片,,,豪,P,袍,ɔ,,
FY01,富阳城关,太湖片-临绍小片,,,豪,P,抱,ɔ,,
FY01,富阳城关,太湖片-临绍小片,,,豪,P,暴,ɔ,,
FY01,富阳城关,太湖片-临绍小片,,,豪,P,菢,,,
FY01,富阳城关,太湖片-临绍小片,,,豪,M,毛,ɔ,,
FY01,富阳城关,太湖片-临绍小片,,,豪,M,冒,ɔ,,
FY01,富阳城关,太湖片-临绍小片,,,豪,M,帽,ɔ,,
FY01,富阳城关,太湖片-临绍小片,,,豪,M,瑁,,,
FY01,富阳城关,太湖片-临绍小片,,,豪,T,刀,ɔ,,
FY01,富阳城关,太湖片-临绍小片,,,豪,T,叨,ɔ,,
FY01,富阳城关,太湖片-临绍小片,,,豪,T,祷,ɔ,,
FY01,富阳城关,太湖片-临绍小片,,,豪,T,岛,ɔ,,
FY01,富阳城关,太湖片-临绍小片,,,豪,T,倒,ɔ,,
FY01,富阳城关,太湖片-临绍小片,,,豪,T,捣,ɔ,,
FY01,富阳城关,太湖片-临绍小片,,,豪,T,到,ɔ,,
FY01,富阳城关,太湖片-临绍小片,,,豪,T,倒,ɔ,,
FY01,富阳城关,太湖片-临绍小片,,,豪,T,滔,ɔ,,
FY01,富阳城关,太湖片-临绍小片,,,豪,T,掏,ɔ,,
FY01,富阳城关,太湖片-临绍小片,,,豪,T,讨,ɔ,,
FY01,富阳城关,太湖片-临绍小片,,,豪,T,套,ɔ,,
FY01,富阳城关,太湖片-临绍小片,,,豪,T,桃,ɔ,,
FY01,富阳城关,太湖片-临绍小片,,,豪,T,逃,ɔ,,
FY01,富阳城关,太湖片-临绍小片,,,豪,T,淘,ɔ,,
FY01,富阳城关,太湖片-临绍小片,,,豪,T,陶,ɔ,,
FY01,富阳城关,太湖片-临绍小片,,,豪,T,萄,ɔ,,
FY01,富阳城关,太湖片-临绍小片,,,豪,T,涛,ɔ,,
FY01,富阳城关,太湖片-临绍小片,,,豪,T,道,a/ɔ,缝～,
FY01,富阳城关,太湖片-临绍小片,,,豪,T,稻,ɔ,,
FY01,富阳城关,太湖片-临绍小片,,,豪,T,盗,ɔ,,
FY01,富阳城关,太湖片-临绍小片,,,豪,T,导,ɔ,,
FY01,富阳城关,太湖片-临绍小片,,,豪,T,蹈,,,
FY01,富阳城关,太湖片-临绍小片,,,豪,N,脑,ɔ,,
FY01,富阳城关,太湖片-临绍小片,,,豪,N,恼,ɔ,,
FY01,富阳城关,太湖片-临绍小片,,,豪,L,劳,ɔ,,
FY01,富阳城关,太湖片-临绍小片,,,豪,L,捞,ɔ,,
FY01,富阳城关,太湖片-临绍小片,,,豪,L,唠,ɔ,,
FY01,富阳城关,太湖片-临绍小片,,,豪,L,牢,ɔ,,
FY01,富阳城关,太湖片-临绍小片,,,豪,L,痨,ɔ,,
FY01,富阳城关,太湖片-临绍小片,,,豪,L,老,ɔ,,
FY01,富阳城关,太湖片-临绍小片,,,豪,L,佬,ɔ,,
FY01,富阳城关,太湖片-临绍小片,,,豪,L,涝,,,
FY01,富阳城关,太湖片-临绍小片,,,豪,TS,遭,ɔ,,
FY01,富阳城关,太湖片-临绍小片,,,豪,TS,糟,ɔ,,
FY01,富阳城关,太湖片-临绍小片,,,豪,TS,早,ɔ,,
FY01,富阳城关,太湖片-临绍小片,,,豪,TS,枣,ɔ,,
FY01,富阳城关,太湖片-临绍小片,,,豪,TS,蚤,ɔ,,
FY01,富阳城关,太湖片-临绍小片,,,豪,TS,澡,,,
FY01,富阳城关,太湖片-临绍小片,,,豪,TS,藻,,,
FY01,富阳城关,太湖片-临绍小片,,,豪,TS,躁,ɔ,,
FY01,富阳城关,太湖片-临绍小片,,,豪,TS,灶,ɔ,,
FY01,富阳城关,太湖片-临绍小片,,,豪,TS,操,ɔ,,
FY01,富阳城关,太湖片-临绍小片,,,豪,TS,草,ɔ,,
FY01,富阳城关,太湖片-临绍小片,,,豪,TS,騲,,,
FY01,富阳城关,太湖片-临绍小片,,,豪,TS,糙,ɔ,,
FY01,富阳城关,太湖片-临绍小片,,,豪,TS,曹,ɔ,,
FY01,富阳城关,太湖片-临绍小片,,,豪,TS,槽,ɔ,,
FY01,富阳城关,太湖片-临绍小片,,,豪,TS,皂,ɔ,,
FY01,富阳城关,太湖片-临绍小片,,,豪,TS,造,ɔ,,
FY01,富阳城关,太湖片-临绍小片,,,豪,TS,骚,ɔ,,
FY01,富阳城关,太湖片-临绍小片,,,豪,TS,臊,ɔ,,
FY01,富阳城关,太湖片-临绍小片,,,豪,TS,扫,ɔ,,
FY01,富阳城关,太湖片-临绍小片,,,豪,TS,嫂,ɔ,,
FY01,富阳城关,太湖片-临绍小片,,,豪,TS,扫,ɔ,,
FY01,富阳城关,太湖片-临绍小片,,,豪,TS,燥,ɔ,,
FY01,富阳城关,太湖片-临绍小片,,,豪,K,高,ɔ,,
FY01,富阳城关,太湖片-临绍小片,,,豪,K,膏,ɔ,,
FY01,富阳城关,太湖片-临绍小片,,,豪,K,篙,,,
FY01,富阳城关,太湖片-临绍小片,,,豪,K,羔,ɔ,,
FY01,富阳城关,太湖片-临绍小片,,,豪,K,糕,ɔ,,
FY01,富阳城关,太湖片-临绍小片,,,豪,K,稿,ɔ,,
FY01,富阳城关,太湖片-临绍小片,,,豪,K,告,ɔ,,
FY01,富阳城关,太湖片-临绍小片,,,豪,K,膏,ɔ,,
FY01,富阳城关,太湖片-临绍小片,,,豪,K,考,ɔ,,
FY01,富阳城关,太湖片-临绍小片,,,豪,K,烤,ɔ,,
FY01,富阳城关,太湖片-临绍小片,,,豪,K,拷,ɔ,,
FY01,富阳城关,太湖片-临绍小片,,,豪,K,靠,ɔ,,
FY01,富阳城关,太湖片-临绍小片,,,豪,K,犒,,,
FY01,富阳城关,太湖片-临绍小片,,,豪,K,铐,ɔ,,
FY01,富阳城关,太湖片-临绍小片,,,豪,K,㸆,,,
FY01,富阳城关,太湖片-临绍小片,,,豪,K,熬,ɔ,,
FY01,富阳城关,太湖片-临绍小片,,,豪,K,敖,ɔ,,
FY01,富阳城关,太湖片-临绍小片,,,豪,K,鳌,,,
FY01,富阳城关,太湖片-临绍小片,,,豪,K,傲,ɔ,,
FY01,富阳城关,太湖片-临绍小片,,,豪,K,鏊,,,
FY01,富阳城关,太湖片-临绍小片,,,豪,Ø,蒿,ɔ,,
FY01,富阳城关,太湖片-临绍小片,,,豪,Ø,薅,,,
FY01,富阳城关,太湖片-临绍小片,,,豪,Ø,好,ɔ,,
FY01,富阳城关,太湖片-临绍小片,,,豪,Ø,好,ɔ,,
FY01,富阳城关,太湖片-临绍小片,,,豪,Ø,耗,ɔ,,
FY01,富阳城关,太湖片-临绍小片,,,豪,Ø,豪,ɔ,,
FY01,富阳城关,太湖片-临绍小片,,,豪,Ø,壕,ɔ,,
FY01,富阳城关,太湖片-临绍小片,,,豪,Ø,毫,ɔ,,
FY01,富阳城关,太湖片-临绍小片,,,豪,Ø,号,ɔ,文读,
FY01,富阳城关,太湖片-临绍小片,,,豪,Ø,蠔,,,
FY01,富阳城关,太湖片-临绍小片,,,豪,Ø,浩,ɔ,,
FY01,富阳城关,太湖片-临绍小片,,,豪,Ø,号,ɔ,文读,
FY01,富阳城关,太湖片-临绍小片,,,豪,Ø,爊,,,
FY01,富阳城关,太湖片-临绍小片,,,豪,Ø,袄,ɔ,,
FY01,富阳城关,太湖片-临绍小片,,,豪,Ø,懊,ɔ,,
FY01,富阳城关,太湖片-临绍小片,,,豪,Ø,奥,ɔ,,
FY01,富阳城关,太湖片-临绍小片,,,豪,Ø,懊,ɔ,,
FY01,富阳城关,太湖片-临绍小片,,,豪,Ø,澳,ɔ,,
FY01,富阳城关,太湖片-临绍小片,,,侯,P,剖,o,解～,
FY01,富阳城关,太湖片-临绍小片,,,侯,M,某,o/ɔ,文读/白读,
FY01,富阳城关,太湖片-临绍小片,,,侯,M,亩,m,,
FY01,富阳城关,太湖片-临绍小片,,,侯,M,牡,ɛ,,
FY01,富阳城关,太湖片-临绍小片,,,侯,M,母,m,,
FY01,富阳城关,太湖片-临绍小片,,,侯,M,拇,o,,
FY01,富阳城关,太湖片-临绍小片,,,侯,M,戊,,,
FY01,富阳城关,太湖片-临绍小片,,,侯,M,茂,ɔ,,
FY01,富阳城关,太湖片-临绍小片,,,侯,M,贸,ɔ,,
FY01,富阳城关,太湖片-临绍小片,,,侯,T,兜,ei,,
FY01,富阳城关,太湖片-临绍小片,,,侯,T,斗,ei,,
FY01,富阳城关,太湖片-临绍小片,,,侯,T,抖,ei,,
FY01,富阳城关,太湖片-临绍小片,,,侯,T,陡,,,
FY01,富阳城关,太湖片-临绍小片,,,侯,T,蚪,,,
FY01,富阳城关,太湖片-临绍小片,,,侯,T,斗,ei,,
FY01,富阳城关,太湖片-临绍小片,,,侯,T,偷,ei,,
FY01,富阳城关,太湖片-临绍小片,,,侯,T,敨,ei,,
FY01,富阳城关,太湖片-临绍小片,,,侯,T,透,ei,,
FY01,富阳城关,太湖片-临绍小片,,,侯,T,头,ei,,
FY01,富阳城关,太湖片-临绍小片,,,侯,T,投,ei,,
FY01,富阳城关,太湖片-临绍小片,,,侯,T,骰,ei,,
FY01,富阳城关,太湖片-临绍小片,,,侯,T,豆,ei,,
FY01,富阳城关,太湖片-临绍小片,,,侯,T,逗,,,
FY01,富阳城关,太湖片-临绍小片,,,侯,T,痘,ei,,
FY01,富阳城关,太湖片-临绍小片,,,侯,T,脰,ei,,
FY01,富阳城关,太湖片-临绍小片,,,侯,L,楼,ei,,
FY01,富阳城关,太湖片-临绍小片,,,侯,L,搂,,,
FY01,富阳城关,太湖片-临绍小片,,,侯,L,耧,,,
FY01,富阳城关,太湖片-临绍小片,,,侯,L,娄,ei,,
FY01,富阳城关,太湖片-临绍小片,,,侯,L,搂,,,
FY01,富阳城关,太湖片-临绍小片,,,侯,L,篓,,,
FY01,富阳城关,太湖片-临绍小片,,,侯,L,溇,,,
FY01,富阳城关,太湖片-临绍小片,,,侯,L,漏,ei,,
FY01,富阳城关,太湖片-临绍小片,,,侯,L,陋,,,
FY01,富阳城关,太湖片-临绍小片,,,侯,TS,走,iʊ,,
FY01,富阳城关,太湖片-临绍小片,,,侯,TS,奏,,,
FY01,富阳城关,太湖片-临绍小片,,,侯,TS,凑,iʊ,,
FY01,富阳城关,太湖片-临绍小片,,,侯,TS,叟,,,
FY01,富阳城关,太湖片-临绍小片,,,侯,TS,嗽,ʊ,,
FY01,富阳城关,太湖片-临绍小片,,,侯,K,勾,iʊ,,
FY01,富阳城关,太湖片-临绍小片,,,侯,K,钩,iʊ,,
FY01,富阳城关,太湖片-临绍小片,,,侯,K,沟,iʊ,,
FY01,富阳城关,太湖片-临绍小片,,,侯,K,狗,iʊ,,
FY01,富阳城关,太湖片-临绍小片,,,侯,K,苟,,,
FY01,富阳城关,太湖片-临绍小片,,,侯,K,垢,,,
FY01,富阳城关,太湖片-临绍小片,,,侯,K,枸,iʊ,,
FY01,富阳城关,太湖片-临绍小片,,,侯,K,彀,,,
FY01,富阳城关,太湖片-临绍小片,,,侯,K,够,iʊ,,
FY01,富阳城关,太湖片-临绍小片,,,侯,K,构,iʊ,,
FY01,富阳城关,太湖片-临绍小片,,,侯,K,购,iʊ,,
FY01,富阳城关,太湖片-临绍小片,,,侯,K,勾,iʊ,,
FY01,富阳城关,太湖片-临绍小片,,,侯,K,抠,,,
FY01,富阳城关,太湖片-临绍小片,,,侯,K,眍,,,
FY01,富阳城关,太湖片-临绍小片,,,侯,K,口,iʊ,,
FY01,富阳城关,太湖片-临绍小片,,,侯,K,叩,,,
FY01,富阳城关,太湖片-临绍小片,,,侯,K,扣,iʊ,,
FY01,富阳城关,太湖片-临绍小片,,,侯,K,寇,,,
FY01,富阳城关,太湖片-临绍小片,,,侯,K,藕,iʊ,,
FY01,富阳城关,太湖片-临绍小片,,,侯,K,偶,iʊ,,
FY01,富阳城关,太湖片-临绍小片,,,侯,K,偶,iʊ,,
FY01,富阳城关,太湖片-临绍小片,,,侯,Ø,吼,ei,,
FY01,富阳城关,太湖片-临绍小片,,,侯,Ø,侯,ei,,
FY01,富阳城关,太湖片-临绍小片,,,侯,Ø,喉,ei,,
FY01,富阳城关,太湖片-临绍小片,,,侯,Ø,猴,ei,,
FY01,富阳城关,太湖片-临绍小片,,,侯,Ø,瘊,ei,,
FY01,富阳城关,太湖片-临绍小片,,,侯,Ø,後,ei,,
FY01,富阳城关,太湖片-临绍小片,,,侯,Ø,厚,iʊ/ei,白读/文读,
FY01,富阳城关,太湖片-临绍小片,,,侯,Ø,后,ei,,
FY01,富阳城关,太湖片-临绍小片,,,侯,Ø,候,ei,,
FY01,富阳城关,太湖片-临绍小片,,,侯,Ø,鲎,ei,,
FY01,富阳城关,太湖片-临绍小片,,,侯,Ø,欧,ei,,
FY01,富阳城关,太湖片-临绍小片,,,侯,Ø,瓯,,,
FY01,富阳城关,太湖片-临绍小片,,,侯,Ø,区,,,
FY01,富阳城关,太湖片-临绍小片,,,侯,Ø,鸥,,,
FY01,富阳城关,太湖片-临绍小片,,,侯,Ø,呕,ei,,
FY01,富阳城关,太湖片-临绍小片,,,侯,Ø,殴,,,
FY01,富阳城关,太湖片-临绍小片,,,侯,Ø,沤,,,
FY01,富阳城关,太湖片-临绍小片,,,侯,Ø,怄,,,
FY01,富阳城关,太湖片-临绍小片,,,皆,P,拜,a,,
FY01,富阳城关,太湖片-临绍小片,,,皆,P,排,a,,
FY01,富阳城关,太湖片-临绍小片,,,皆,P,�,,,
FY01,富阳城关,太湖片-临绍小片,,,皆,M,埋,a,,
FY01,富阳城关,太湖片-临绍小片,,,皆,L,攋,a,,
FY01,富阳城关,太湖片-临绍小片,,,皆,TS*,䍉,,,
FY01,富阳城关,太湖片-临绍小片,,,皆,TS*,箉,,,
FY01,富阳城关,太湖片-临绍小片,,,皆,TS*,斋,a,,
FY01,富阳城关,太湖片-临绍小片,,,皆,TS*,豺,a,,
FY01,富阳城关,太湖片-临绍小片,,,皆,K,皆,iɛ,,
FY01,富阳城关,太湖片-临绍小片,,,皆,K,阶,a,,
FY01,富阳城关,太湖片-临绍小片,,,皆,K,稭,,,
FY01,富阳城关,太湖片-临绍小片,,,皆,K,偕,,,
FY01,富阳城关,太湖片-临绍小片,,,皆,K,介,a,,
FY01,富阳城关,太湖片-临绍小片,,,皆,K,界,a,,
FY01,富阳城关,太湖片-临绍小片,,,皆,K,芥,a,,
FY01,富阳城关,太湖片-临绍小片,,,皆,K,尬,a,,
FY01,富阳城关,太湖片-临绍小片,,,皆,K,疥,a,,
FY01,富阳城关,太湖片-临绍小片,,,皆,K,届,iɛ,,
FY01,富阳城关,太湖片-临绍小片,,,皆,K,戒,a,,
FY01,富阳城关,太湖片-临绍小片,,,皆,K,庎,a,,
FY01,富阳城关,太湖片-临绍小片,,,皆,K,揩,a,,
FY01,富阳城关,太湖片-临绍小片,,,皆,K,楷,a,,
FY01,富阳城关,太湖片-临绍小片,,,皆,Ø,谐,,,
FY01,富阳城关,太湖片-临绍小片,,,皆,Ø,骇,,,
FY01,富阳城关,太湖片-临绍小片,,,皆,Ø,械,,,
FY01,富阳城关,太湖片-临绍小片,,,皆,Ø,挨,a,,
FY01,富阳城关,太湖片-临绍小片,,,佳,P,摆,a,,
FY01,富阳城关,太湖片-临绍小片,,,佳,P,派,a,,
FY01,富阳城关,太湖片-临绍小片,,,佳,P,牌,a,,
FY01,富阳城关,太湖片-临绍小片,,,佳,P,簰,,,
FY01,富阳城关,太湖片-临绍小片,,,佳,P,罢,a,,
FY01,富阳城关,太湖片-临绍小片,,,佳,P,稗,o,,
FY01,富阳城关,太湖片-临绍小片,,,佳,M,买,a,,
FY01,富阳城关,太湖片-临绍小片,,,佳,M,卖,a,,
FY01,富阳城关,太湖片-临绍小片,,,佳,N,奶,ɛ,,
FY01,富阳城关,太湖片-临绍小片,,,佳,TS*,债,a,,
FY01,富阳城关,太湖片-临绍小片,,,佳,TS*,钗,a,文读,
FY01,富阳城关,太湖片-临绍小片,,,佳,TS*,差,a/o,,
FY01,富阳城关,太湖片-临绍小片,,,佳,TS*,柴,a,,
FY01,富阳城关,太湖片-临绍小片,,,佳,TS*,筛,a,,
FY01,富阳城关,太湖片-临绍小片,,,佳,TS*,洒,a,,
FY01,富阳城关,太湖片-临绍小片,,,佳,TS*,晒,o,,
FY01,富阳城关,太湖片-临绍小片,,,佳,K,佳,o,,
FY01,富阳城关,太湖片-临绍小片,,,佳,K,街,a,,
FY01,富阳城关,太湖片-临绍小片,,,佳,K,解,a,,
FY01,富阳城关,太湖片-临绍小片,,,佳,K,懈,a,,
FY01,富阳城关,太湖片-临绍小片,,,佳,K,涯,,,
FY01,富阳城关,太湖片-临绍小片,,,佳,K,崖,,,
FY01,富阳城关,太湖片-临绍小片,,,佳,K,捱,a,,
FY01,富阳城关,太湖片-临绍小片,,,佳,Ø,鞋,a,,
FY01,富阳城关,太湖片-临绍小片,,,佳,Ø,解,a,,
FY01,富阳城关,太湖片-临绍小片,,,佳,Ø,解,a,,
FY01,富阳城关,太湖片-临绍小片,,,佳,Ø,蟹,a,,
FY01,富阳城关,太湖片-临绍小片,,,佳,Ø,矮,a,,
FY01,富阳城关,太湖片-临绍小片,,,佳,Ø,隘,,,