point_id,point_name,subbranch,lat,lon,韵,声组,汉字,读音,note,浙江杭州临平（五杭）方言同音字汇
LP01,临平五杭,太湖片-苕溪小片,,,歌,T,多,u,,
LP01,临平五杭,太湖片-苕溪小片,,,歌,T,拖,u/a,～拉机/～舌头,
LP01,临平五杭,太湖片-苕溪小片,,,歌,T,他,,,
LP01,临平五杭,太湖片-苕溪小片,,,歌,T,驼,u,,
LP01,临平五杭,太湖片-苕溪小片,,,歌,T,驮,u,,
LP01,临平五杭,太湖片-苕溪小片,,,歌,T,陀,u,,
LP01,临平五杭,太湖片-苕溪小片,,,歌,T,鸵,,,
LP01,临平五杭,太湖片-苕溪小片,,,歌,T,沱,,,
LP01,临平五杭,太湖片-苕溪小片,,,歌,T,舵,u,,
LP01,临平五杭,太湖片-苕溪小片,,,歌,T,大,u/a,～小/～夫,
LP01,临平五杭,太湖片-苕溪小片,,,歌,T,驮,u,,
LP01,临平五杭,太湖片-苕溪小片,,,歌,N,挪,,,
LP01,临平五杭,太湖片-苕溪小片,,,歌,N,哪,uo,～吒,
LP01,临平五杭,太湖片-苕溪小片,,,歌,N,那,,,
LP01,临平五杭,太湖片-苕溪小片,,,歌,L,罗,u,,
LP01,临平五杭,太湖片-苕溪小片,,,歌,L,锣,u,,
LP01,临平五杭,太湖片-苕溪小片,,,歌,L,箩,u,,
LP01,临平五杭,太湖片-苕溪小片,,,歌,L,萝,u,,
LP01,临平五杭,太湖片-苕溪小片,,,歌,L,逻,,,
LP01,临平五杭,太湖片-苕溪小片,,,歌,TS,左,u,,
LP01,临平五杭,太湖片-苕溪小片,,,歌,TS,佐,u,,
LP01,临平五杭,太湖片-苕溪小片,,,歌,TS,搓,u,～衣裳,
LP01,临平五杭,太湖片-苕溪小片,,,歌,TS,娑,,,
LP01,临平五杭,太湖片-苕溪小片,,,歌,K,歌,u,,
LP01,临平五杭,太湖片-苕溪小片,,,歌,K,哥,u,,
LP01,临平五杭,太湖片-苕溪小片,,,歌,K,柯,,,
LP01,临平五杭,太湖片-苕溪小片,,,歌,K,个,u,～体户,
LP01,临平五杭,太湖片-苕溪小片,,,歌,K,轲,,,
LP01,临平五杭,太湖片-苕溪小片,,,歌,K,可,u,,
LP01,临平五杭,太湖片-苕溪小片,,,歌,K,蛾,u,,
LP01,临平五杭,太湖片-苕溪小片,,,歌,K,鹅,u,,
LP01,临平五杭,太湖片-苕溪小片,,,歌,K,俄,u,,
LP01,临平五杭,太湖片-苕溪小片,,,歌,K,娥,,,
LP01,临平五杭,太湖片-苕溪小片,,,歌,K,我,u,,
LP01,临平五杭,太湖片-苕溪小片,,,歌,K,饿,u,,
LP01,临平五杭,太湖片-苕溪小片,,,歌,Ø,荷,u,薄～,
LP01,临平五杭,太湖片-苕溪小片,,,歌,Ø,河,u,,
LP01,临平五杭,太湖片-苕溪小片,,,歌,Ø,何,u,,
LP01,临平五杭,太湖片-苕溪小片,,,歌,Ø,荷,u,,
LP01,临平五杭,太湖片-苕溪小片,,,歌,Ø,贺,u,,
LP01,临平五杭,太湖片-苕溪小片,,,歌,Ø,阿,u,～弥陀佛,
LP01,临平五杭,太湖片-苕溪小片,,,歌,Ø,屙,,,
LP01,临平五杭,太湖片-苕溪小片,,,戈,K,茄,a,,
LP01,临平五杭,太湖片-苕溪小片,,,戈,P,波,u,,
LP01,临平五杭,太湖片-苕溪小片,,,戈,P,菠,u,,
LP01,临平五杭,太湖片-苕溪小片,,,戈,P,跛,,,
LP01,临平五杭,太湖片-苕溪小片,,,戈,P,簸,,,
LP01,临平五杭,太湖片-苕溪小片,,,戈,P,簸,,,
LP01,临平五杭,太湖片-苕溪小片,,,戈,P,播,u,,
LP01,临平五杭,太湖片-苕溪小片,,,戈,P,颇,,,
LP01,临平五杭,太湖片-苕溪小片,,,戈,P,坡,u,,
LP01,临平五杭,太湖片-苕溪小片,,,戈,P,玻,u,,
LP01,临平五杭,太湖片-苕溪小片,,,戈,P,破,u,,
LP01,临平五杭,太湖片-苕溪小片,,,戈,P,婆,u,,
LP01,临平五杭,太湖片-苕溪小片,,,戈,P,薄,y,,
LP01,临平五杭,太湖片-苕溪小片,,,戈,M,魔,u,,
LP01,临平五杭,太湖片-苕溪小片,,,戈,M,磨,u,,
LP01,临平五杭,太湖片-苕溪小片,,,戈,M,摩,u,,
LP01,临平五杭,太湖片-苕溪小片,,,戈,M,馍,,,
LP01,临平五杭,太湖片-苕溪小片,,,戈,M,蘑,,,
LP01,临平五杭,太湖片-苕溪小片,,,戈,M,磨,u,,
LP01,临平五杭,太湖片-苕溪小片,,,戈,T,朵,uo,,
LP01,临平五杭,太湖片-苕溪小片,,,戈,T,躲,,,
LP01,临平五杭,太湖片-苕溪小片,,,戈,T,剁,,,
LP01,临平五杭,太湖片-苕溪小片,,,戈,T,妥,u,,
LP01,临平五杭,太湖片-苕溪小片,,,戈,T,椭,,,
LP01,临平五杭,太湖片-苕溪小片,,,戈,T,唾,,,
LP01,临平五杭,太湖片-苕溪小片,,,戈,T,砣,,,
LP01,临平五杭,太湖片-苕溪小片,,,戈,T,惰,u,,
LP01,临平五杭,太湖片-苕溪小片,,,戈,T,垛,,,
LP01,临平五杭,太湖片-苕溪小片,,,戈,T,堕,,,
LP01,临平五杭,太湖片-苕溪小片,,,戈,N,挼,,,
LP01,临平五杭,太湖片-苕溪小片,,,戈,N,糯,oŋ,,
LP01,临平五杭,太湖片-苕溪小片,,,戈,N,懦,,,
LP01,临平五杭,太湖片-苕溪小片,,,戈,L,骡,,,
LP01,临平五杭,太湖片-苕溪小片,,,戈,L,螺,u,,
LP01,临平五杭,太湖片-苕溪小片,,,戈,L,脶,u,,
LP01,临平五杭,太湖片-苕溪小片,,,戈,L,啰,u,,
LP01,临平五杭,太湖片-苕溪小片,,,戈,L,裸,u,,
LP01,临平五杭,太湖片-苕溪小片,,,戈,L,瘰,,,
LP01,临平五杭,太湖片-苕溪小片,,,戈,L,摞,,,
LP01,临平五杭,太湖片-苕溪小片,,,戈,TS,锉,u,,
LP01,临平五杭,太湖片-苕溪小片,,,戈,TS,莝,,,
LP01,临平五杭,太湖片-苕溪小片,,,戈,TS,矬,,,
LP01,临平五杭,太湖片-苕溪小片,,,戈,TS,坐,u,,
LP01,临平五杭,太湖片-苕溪小片,,,戈,TS,座,u,,
LP01,临平五杭,太湖片-苕溪小片,,,戈,TS,蓑,u,,
LP01,临平五杭,太湖片-苕溪小片,,,戈,TS,梭,u,,
LP01,临平五杭,太湖片-苕溪小片,,,戈,TS,唆,u,,
LP01,临平五杭,太湖片-苕溪小片,,,戈,TS,莎,,,
LP01,临平五杭,太湖片-苕溪小片,,,戈,TS,锁,u,,
LP01,临平五杭,太湖片-苕溪小片,,,戈,TS,琐,u,,
LP01,临平五杭,太湖片-苕溪小片,,,戈,TS,唢,,,
LP01,临平五杭,太湖片-苕溪小片,,,戈,K,过,u,,
LP01,临平五杭,太湖片-苕溪小片,,,戈,K,锅,u,,
LP01,临平五杭,太湖片-苕溪小片,,,戈,K,戈,,,
LP01,临平五杭,太湖片-苕溪小片,,,戈,K,果,u,,
LP01,临平五杭,太湖片-苕溪小片,,,戈,K,裹,u,,
LP01,临平五杭,太湖片-苕溪小片,,,戈,K,餜,,,
LP01,临平五杭,太湖片-苕溪小片,,,戈,K,过,u,,
LP01,临平五杭,太湖片-苕溪小片,,,戈,K,科,u,,
LP01,临平五杭,太湖片-苕溪小片,,,戈,K,窠,u,,
LP01,临平五杭,太湖片-苕溪小片,,,戈,K,棵,u,,
LP01,临平五杭,太湖片-苕溪小片,,,戈,K,髁,,,
LP01,临平五杭,太湖片-苕溪小片,,,戈,K,蝌,,,
LP01,临平五杭,太湖片-苕溪小片,,,戈,K,颗,u,,
LP01,临平五杭,太湖片-苕溪小片,,,戈,K,课,u,,
LP01,临平五杭,太湖片-苕溪小片,,,戈,K,讹,,,
LP01,临平五杭,太湖片-苕溪小片,,,戈,K,卧,u,,
LP01,临平五杭,太湖片-苕溪小片,,,戈,Ø,火,u,,
LP01,临平五杭,太湖片-苕溪小片,,,戈,Ø,伙,u,,
LP01,临平五杭,太湖片-苕溪小片,,,戈,Ø,货,u,,
LP01,临平五杭,太湖片-苕溪小片,,,戈,Ø,和,u,,
LP01,临平五杭,太湖片-苕溪小片,,,戈,Ø,禾,u,,
LP01,临平五杭,太湖片-苕溪小片,,,戈,Ø,祸,,,
LP01,临平五杭,太湖片-苕溪小片,,,戈,Ø,夥,,,
LP01,临平五杭,太湖片-苕溪小片,,,戈,Ø,和,u,,
LP01,临平五杭,太湖片-苕溪小片,,,戈,Ø,倭,,,
LP01,临平五杭,太湖片-苕溪小片,,,戈,Ø,踒,,,
LP01,临平五杭,太湖片-苕溪小片,,,戈,Ø,窝,u,,
LP01,临平五杭,太湖片-苕溪小片,,,戈,Ø,涡,,,
LP01,临平五杭,太湖片-苕溪小片,,,戈,Ø,莴,u,,
LP01,临平五杭,太湖片-苕溪小片,,,戈,Ø,涴,u,,
LP01,临平五杭,太湖片-苕溪小片,,,戈,Ø,瘸,,,
LP01,临平五杭,太湖片-苕溪小片,,,戈,Ø,靴,i,,
LP01,临平五杭,太湖片-苕溪小片,,,戈,Ø,�,,,
LP01,临平五杭,太湖片-苕溪小片,,,麻,P,巴,o,,
LP01,临平五杭,太湖片-苕溪小片,,,麻,P,芭,o,,
LP01,临平五杭,太湖片-苕溪小片,,,麻,P,疤,o,,
LP01,临平五杭,太湖片-苕溪小片,,,麻,P,笆,o,,
LP01,临平五杭,太湖片-苕溪小片,,,麻,P,吧,,,
LP01,临平五杭,太湖片-苕溪小片,,,麻,P,把,o,,
LP01,临平五杭,太湖片-苕溪小片,,,麻,P,靶,,,
LP01,临平五杭,太湖片-苕溪小片,,,麻,P,霸,o,,
LP01,临平五杭,太湖片-苕溪小片,,,麻,P,欛,,,
LP01,临平五杭,太湖片-苕溪小片,,,麻,P,壩,,,
LP01,临平五杭,太湖片-苕溪小片,,,麻,P,坝,o,,
LP01,临平五杭,太湖片-苕溪小片,,,麻,P,爸,,,
LP01,临平五杭,太湖片-苕溪小片,,,麻,P,怕,o,,
LP01,临平五杭,太湖片-苕溪小片,,,麻,P,帕,,,
LP01,临平五杭,太湖片-苕溪小片,,,麻,P,爬,o,,
LP01,临平五杭,太湖片-苕溪小片,,,麻,P,琶,o,,
LP01,临平五杭,太湖片-苕溪小片,,,麻,P,杷,o,,
LP01,临平五杭,太湖片-苕溪小片,,,麻,P,钯,,,
LP01,临平五杭,太湖片-苕溪小片,,,麻,P,耙,o,,
LP01,临平五杭,太湖片-苕溪小片,,,麻,M,麻,o,,
LP01,临平五杭,太湖片-苕溪小片,,,麻,M,痲,o,,
LP01,临平五杭,太湖片-苕溪小片,,,麻,M,蟆,o,,
LP01,临平五杭,太湖片-苕溪小片,,,麻,M,妈,a,,
LP01,临平五杭,太湖片-苕溪小片,,,麻,M,马,a/o,～虎,
LP01,临平五杭,太湖片-苕溪小片,,,麻,M,码,o,,
LP01,临平五杭,太湖片-苕溪小片,,,麻,M,玛,,,
LP01,临平五杭,太湖片-苕溪小片,,,麻,M,蚂,,,
LP01,临平五杭,太湖片-苕溪小片,,,麻,M,骂,o,,
LP01,临平五杭,太湖片-苕溪小片,,,麻,N,拿,uo,,
LP01,临平五杭,太湖片-苕溪小片,,,麻,TS,茶,uo,,
LP01,临平五杭,太湖片-苕溪小片,,,麻,TS,搽,,,
LP01,临平五杭,太湖片-苕溪小片,,,麻,TS,䖳,,,
LP01,临平五杭,太湖片-苕溪小片,,,麻,TS*,楂,,,
LP01,临平五杭,太湖片-苕溪小片,,,麻,TS*,渣,uo,,
LP01,临平五杭,太湖片-苕溪小片,,,麻,TS*,诈,a,～骗,
LP01,临平五杭,太湖片-苕溪小片,,,麻,TS*,榨,uo,,
LP01,临平五杭,太湖片-苕溪小片,,,麻,TS*,炸,uo,～弹,
LP01,临平五杭,太湖片-苕溪小片,,,麻,TS*,叉,uo,,
LP01,临平五杭,太湖片-苕溪小片,,,麻,TS*,杈,uo,,
LP01,临平五杭,太湖片-苕溪小片,,,麻,TS*,差,a/uo,出～/～勿多,
LP01,临平五杭,太湖片-苕溪小片,,,麻,TS*,岔,uo,,
LP01,临平五杭,太湖片-苕溪小片,,,麻,TS*,差,a/uo,出～/～勿多,
LP01,临平五杭,太湖片-苕溪小片,,,麻,TS*,茬,,,
LP01,临平五杭,太湖片-苕溪小片,,,麻,TS*,查,uo,,
LP01,临平五杭,太湖片-苕溪小片,,,麻,TS*,乍,,,
LP01,临平五杭,太湖片-苕溪小片,,,麻,TS*,沙,uo,,
LP01,临平五杭,太湖片-苕溪小片,,,麻,TS*,纱,uo,,
LP01,临平五杭,太湖片-苕溪小片,,,麻,TS*,痧,uo,,
LP01,临平五杭,太湖片-苕溪小片,,,麻,TS*,砂,uo,,
LP01,临平五杭,太湖片-苕溪小片,,,麻,TS*,鲨,,,
LP01,临平五杭,太湖片-苕溪小片,,,麻,TS*,裟,,,
LP01,临平五杭,太湖片-苕溪小片,,,麻,TS*,洒,,,
LP01,临平五杭,太湖片-苕溪小片,,,麻,TS*,厦,a,大～,
LP01,临平五杭,太湖片-苕溪小片,,,麻,K,家,a,,
LP01,临平五杭,太湖片-苕溪小片,,,麻,K,傢,,,
LP01,临平五杭,太湖片-苕溪小片,,,麻,K,加,a,,
LP01,临平五杭,太湖片-苕溪小片,,,麻,K,痂,,,
LP01,临平五杭,太湖片-苕溪小片,,,麻,K,嘉,a,,
LP01,临平五杭,太湖片-苕溪小片,,,麻,K,枷,,,
LP01,临平五杭,太湖片-苕溪小片,,,麻,K,袈,,,
LP01,临平五杭,太湖片-苕溪小片,,,麻,K,假,a,,
LP01,临平五杭,太湖片-苕溪小片,,,麻,K,贾,a,,
LP01,临平五杭,太湖片-苕溪小片,,,麻,K,假,a,,
LP01,临平五杭,太湖片-苕溪小片,,,麻,K,架,a,,
LP01,临平五杭,太湖片-苕溪小片,,,麻,K,驾,ia,,
LP01,临平五杭,太湖片-苕溪小片,,,麻,K,嫁,a,,
LP01,临平五杭,太湖片-苕溪小片,,,麻,K,稼,,,
LP01,临平五杭,太湖片-苕溪小片,,,麻,K,价,a,,
LP01,临平五杭,太湖片-苕溪小片,,,麻,K,揢,uo,,
LP01,临平五杭,太湖片-苕溪小片,,,麻,K,牙,a,,
LP01,临平五杭,太湖片-苕溪小片,,,麻,K,芽,a,,
LP01,临平五杭,太湖片-苕溪小片,,,麻,K,衙,a,,
LP01,临平五杭,太湖片-苕溪小片,,,麻,K,伢,,,
LP01,临平五杭,太湖片-苕溪小片,,,麻,K,蚜,,,
LP01,临平五杭,太湖片-苕溪小片,,,麻,K,雅,ia,,
LP01,临平五杭,太湖片-苕溪小片,,,麻,K,砑,,,
LP01,临平五杭,太湖片-苕溪小片,,,麻,Ø,虾,uo,,
LP01,临平五杭,太湖片-苕溪小片,,,麻,Ø,�,,,
LP01,临平五杭,太湖片-苕溪小片,,,麻,Ø,嚇,,,
LP01,临平五杭,太湖片-苕溪小片,,,麻,Ø,霞,ia,,
LP01,临平五杭,太湖片-苕溪小片,,,麻,Ø,瑕,,,
LP01,临平五杭,太湖片-苕溪小片,,,麻,Ø,遐,,,
LP01,临平五杭,太湖片-苕溪小片,,,麻,Ø,蝦,,,
LP01,临平五杭,太湖片-苕溪小片,,,麻,Ø,下,uo,,
LP01,临平五杭,太湖片-苕溪小片,,,麻,Ø,夏,uo,,
LP01,临平五杭,太湖片-苕溪小片,,,麻,Ø,厦,ia,～门,
LP01,临平五杭,太湖片-苕溪小片,,,麻,Ø,下,uo,,
LP01,临平五杭,太湖片-苕溪小片,,,麻,Ø,夏,uo,,
LP01,临平五杭,太湖片-苕溪小片,,,麻,Ø,暇,,,
LP01,临平五杭,太湖片-苕溪小片,,,麻,Ø,鸦,uo,,
LP01,临平五杭,太湖片-苕溪小片,,,麻,Ø,丫,uo,,
LP01,临平五杭,太湖片-苕溪小片,,,麻,Ø,桠,uo,,
LP01,临平五杭,太湖片-苕溪小片,,,麻,Ø,哑,uo,,
LP01,临平五杭,太湖片-苕溪小片,,,麻,Ø,亚,ia,,
LP01,临平五杭,太湖片-苕溪小片,,,模,P,补,u,,
LP01,临平五杭,太湖片-苕溪小片,,,模,P,谱,u,,
LP01,临平五杭,太湖片-苕溪小片,,,模,P,哺,,,
LP01,临平五杭,太湖片-苕溪小片,,,模,P,布,u,,
LP01,临平五杭,太湖片-苕溪小片,,,模,P,佈,u,,
LP01,临平五杭,太湖片-苕溪小片,,,模,P,铺,u,,
LP01,临平五杭,太湖片-苕溪小片,,,模,P,潽,u,,
LP01,临平五杭,太湖片-苕溪小片,,,模,P,普,u,,
LP01,临平五杭,太湖片-苕溪小片,,,模,P,浦,u,,
LP01,临平五杭,太湖片-苕溪小片,,,模,P,铺,u,,
LP01,临平五杭,太湖片-苕溪小片,,,模,P,怖,,,
LP01,临平五杭,太湖片-苕溪小片,,,模,P,蒲,u,,
LP01,临平五杭,太湖片-苕溪小片,,,模,P,菩,u,,
LP01,临平五杭,太湖片-苕溪小片,,,模,P,脯,u,,
LP01,临平五杭,太湖片-苕溪小片,,,模,P,葡,u,,
LP01,临平五杭,太湖片-苕溪小片,,,模,P,莆,,,
LP01,临平五杭,太湖片-苕溪小片,,,模,P,部,u,,
LP01,临平五杭,太湖片-苕溪小片,,,模,P,簿,u,,
LP01,临平五杭,太湖片-苕溪小片,,,模,P,篰,u,,
LP01,临平五杭,太湖片-苕溪小片,,,模,P,步,u,,
LP01,临平五杭,太湖片-苕溪小片,,,模,P,捕,,,
LP01,临平五杭,太湖片-苕溪小片,,,模,P,埠,u,,
LP01,临平五杭,太湖片-苕溪小片,,,模,M,模,u,,
LP01,临平五杭,太湖片-苕溪小片,,,模,M,模,u,,
LP01,临平五杭,太湖片-苕溪小片,,,模,M,摹,,,
LP01,临平五杭,太湖片-苕溪小片,,,模,M,姥,,,
LP01,临平五杭,太湖片-苕溪小片,,,模,M,暮,u,,
LP01,临平五杭,太湖片-苕溪小片,,,模,M,慕,u,,
LP01,临平五杭,太湖片-苕溪小片,,,模,M,墓,u,,
LP01,临平五杭,太湖片-苕溪小片,,,模,M,募,u,,
LP01,临平五杭,太湖片-苕溪小片,,,模,M,睦,,,
LP01,临平五杭,太湖片-苕溪小片,,,模,T,都,u,,
LP01,临平五杭,太湖片-苕溪小片,,,模,T,都,u,,
LP01,临平五杭,太湖片-苕溪小片,,,模,T,赌,u,,
LP01,临平五杭,太湖片-苕溪小片,,,模,T,堵,u,,
LP01,临平五杭,太湖片-苕溪小片,,,模,T,肚,u,,
LP01,临平五杭,太湖片-苕溪小片,,,模,T,睹,,,
LP01,临平五杭,太湖片-苕溪小片,,,模,T,妒,,,
LP01,临平五杭,太湖片-苕溪小片,,,模,T,土,u,,
LP01,临平五杭,太湖片-苕溪小片,,,模,T,吐,u,,
LP01,临平五杭,太湖片-苕溪小片,,,模,T,吐,u,,
LP01,临平五杭,太湖片-苕溪小片,,,模,T,兔,u,,
LP01,临平五杭,太湖片-苕溪小片,,,模,T,徒,u,,
LP01,临平五杭,太湖片-苕溪小片,,,模,T,屠,u,,
LP01,临平五杭,太湖片-苕溪小片,,,模,T,途,u,,
LP01,临平五杭,太湖片-苕溪小片,,,模,T,涂,u,,
LP01,临平五杭,太湖片-苕溪小片,,,模,T,图,u,,
LP01,临平五杭,太湖片-苕溪小片,,,模,T,杜,u,,
LP01,临平五杭,太湖片-苕溪小片,,,模,T,肚,u,,
LP01,临平五杭,太湖片-苕溪小片,,,模,T,度,u,,
LP01,临平五杭,太湖片-苕溪小片,,,模,T,渡,u,,
LP01,临平五杭,太湖片-苕溪小片,,,模,T,镀,u,,
LP01,临平五杭,太湖片-苕溪小片,,,模,N,奴,u,,
LP01,临平五杭,太湖片-苕溪小片,,,模,N,努,u,,
LP01,临平五杭,太湖片-苕溪小片,,,模,N,怒,u,,
LP01,临平五杭,太湖片-苕溪小片,,,模,L,卢,u,,
LP01,临平五杭,太湖片-苕溪小片,,,模,L,炉,u,,
LP01,临平五杭,太湖片-苕溪小片,,,模,L,芦,u,,
LP01,临平五杭,太湖片-苕溪小片,,,模,L,鸬,u,,
LP01,临平五杭,太湖片-苕溪小片,,,模,L,颅,,,
LP01,临平五杭,太湖片-苕溪小片,,,模,L,鲈,,,
LP01,临平五杭,太湖片-苕溪小片,,,模,L,鲁,u,,
LP01,临平五杭,太湖片-苕溪小片,,,模,L,橹,u,,
LP01,临平五杭,太湖片-苕溪小片,,,模,L,虏,u,,
LP01,临平五杭,太湖片-苕溪小片,,,模,L,卤,u,,
LP01,临平五杭,太湖片-苕溪小片,,,模,L,路,u,,
LP01,临平五杭,太湖片-苕溪小片,,,模,L,赂,,,
LP01,临平五杭,太湖片-苕溪小片,,,模,L,露,u,,
LP01,临平五杭,太湖片-苕溪小片,,,模,L,鹭,u,,
LP01,临平五杭,太湖片-苕溪小片,,,模,TS,租,u,,
LP01,临平五杭,太湖片-苕溪小片,,,模,TS,祖,u,,
LP01,临平五杭,太湖片-苕溪小片,,,模,TS,组,u,,
LP01,临平五杭,太湖片-苕溪小片,,,模,TS,做,u,,
LP01,临平五杭,太湖片-苕溪小片,,,模,TS,粗,u,,
LP01,临平五杭,太湖片-苕溪小片,,,模,TS,醋,u,,
LP01,临平五杭,太湖片-苕溪小片,,,模,TS,措,u,,
LP01,临平五杭,太湖片-苕溪小片,,,模,TS,错,u,,
LP01,临平五杭,太湖片-苕溪小片,,,模,TS,苏,u,,
LP01,临平五杭,太湖片-苕溪小片,,,模,TS,酥,u,,
LP01,临平五杭,太湖片-苕溪小片,,,模,TS,素,u,,
LP01,临平五杭,太湖片-苕溪小片,,,模,TS,诉,u,,
LP01,临平五杭,太湖片-苕溪小片,,,模,TS,塑,u,,
LP01,临平五杭,太湖片-苕溪小片,,,模,TS,嗉,,,
LP01,临平五杭,太湖片-苕溪小片,,,模,K,姑,u,,
LP01,临平五杭,太湖片-苕溪小片,,,模,K,孤,u,,
LP01,临平五杭,太湖片-苕溪小片,,,模,K,箍,u,,
LP01,临平五杭,太湖片-苕溪小片,,,模,K,辜,,,
LP01,临平五杭,太湖片-苕溪小片,,,模,K,菇,u,,
LP01,临平五杭,太湖片-苕溪小片,,,模,K,鸪,u,,
LP01,临平五杭,太湖片-苕溪小片,,,模,K,蛄,,,
LP01,临平五杭,太湖片-苕溪小片,,,模,K,古,u,,
LP01,临平五杭,太湖片-苕溪小片,,,模,K,估,u,,
LP01,临平五杭,太湖片-苕溪小片,,,模,K,盬,,,
LP01,临平五杭,太湖片-苕溪小片,,,模,K,牯,,,
LP01,临平五杭,太湖片-苕溪小片,,,模,K,股,u,,
LP01,临平五杭,太湖片-苕溪小片,,,模,K,鼓,u,,
LP01,临平五杭,太湖片-苕溪小片,,,模,K,蛊,,,
LP01,临平五杭,太湖片-苕溪小片,,,模,K,故,u,,
LP01,临平五杭,太湖片-苕溪小片,,,模,K,固,u,,
LP01,临平五杭,太湖片-苕溪小片,,,模,K,锢,,,
LP01,临平五杭,太湖片-苕溪小片,,,模,K,雇,u,,
LP01,临平五杭,太湖片-苕溪小片,,,模,K,顾,u,,
LP01,临平五杭,太湖片-苕溪小片,,,模,K,枯,u,,
LP01,临平五杭,太湖片-苕溪小片,,,模,K,苦,u,,
LP01,临平五杭,太湖片-苕溪小片,,,模,K,库,u,,
LP01,临平五杭,太湖片-苕溪小片,,,模,K,裤,u,,
LP01,临平五杭,太湖片-苕溪小片,,,模,K,吴,u,姓氏,
LP01,临平五杭,太湖片-苕溪小片,,,模,K,蜈,,,
LP01,临平五杭,太湖片-苕溪小片,,,模,K,吾,,,
LP01,临平五杭,太湖片-苕溪小片,,,模,K,梧,u,,
LP01,临平五杭,太湖片-苕溪小片,,,模,K,五,,,
LP01,临平五杭,太湖片-苕溪小片,,,模,K,伍,u,,
LP01,临平五杭,太湖片-苕溪小片,,,模,K,午,u,,
LP01,临平五杭,太湖片-苕溪小片,,,模,K,忤,,,
LP01,临平五杭,太湖片-苕溪小片,,,模,K,误,u,,
LP01,临平五杭,太湖片-苕溪小片,,,模,K,悟,u,,
LP01,临平五杭,太湖片-苕溪小片,,,模,Ø,呼,u,,
LP01,临平五杭,太湖片-苕溪小片,,,模,Ø,虎,u,,
LP01,临平五杭,太湖片-苕溪小片,,,模,Ø,浒,u,,
LP01,临平五杭,太湖片-苕溪小片,,,模,Ø,琥,,,
LP01,临平五杭,太湖片-苕溪小片,,,模,Ø,戽,,,
LP01,临平五杭,太湖片-苕溪小片,,,模,Ø,胡,u,,
LP01,临平五杭,太湖片-苕溪小片,,,模,Ø,湖,u,,
LP01,临平五杭,太湖片-苕溪小片,,,模,Ø,狐,u,,
LP01,临平五杭,太湖片-苕溪小片,,,模,Ø,壶,u,,
LP01,临平五杭,太湖片-苕溪小片,,,模,Ø,乎,u,,
LP01,临平五杭,太湖片-苕溪小片,,,模,Ø,瓠,,,
LP01,临平五杭,太湖片-苕溪小片,,,模,Ø,鬍,u,,
LP01,临平五杭,太湖片-苕溪小片,,,模,Ø,糊,u,,
LP01,临平五杭,太湖片-苕溪小片,,,模,Ø,蝴,u,,
LP01,临平五杭,太湖片-苕溪小片,,,模,Ø,瑚,,,
LP01,临平五杭,太湖片-苕溪小片,,,模,Ø,户,u,,
LP01,临平五杭,太湖片-苕溪小片,,,模,Ø,沪,u,,
LP01,临平五杭,太湖片-苕溪小片,,,模,Ø,互,u,,
LP01,临平五杭,太湖片-苕溪小片,,,模,Ø,护,u,,
LP01,临平五杭,太湖片-苕溪小片,,,模,Ø,瓠,,,
LP01,临平五杭,太湖片-苕溪小片,,,模,Ø,糊,u,,
LP01,临平五杭,太湖片-苕溪小片,,,模,Ø,乌,u,,
LP01,临平五杭,太湖片-苕溪小片,,,模,Ø,污,u,,
LP01,临平五杭,太湖片-苕溪小片,,,模,Ø,坞,u,,
LP01,临平五杭,太湖片-苕溪小片,,,模,Ø,恶,,,
LP01,临平五杭,太湖片-苕溪小片,,,豪,P,褒,,,
LP01,临平五杭,太湖片-苕溪小片,,,豪,P,保,ɔ,,
LP01,临平五杭,太湖片-苕溪小片,,,豪,P,堡,ɔ,,
LP01,临平五杭,太湖片-苕溪小片,,,豪,P,宝,ɔ,,
LP01,临平五杭,太湖片-苕溪小片,,,豪,P,报,ɔ,,
LP01,临平五杭,太湖片-苕溪小片,,,豪,P,袍,ɔ,,
LP01,临平五杭,太湖片-苕溪小片,,,豪,P,抱,ɔ,,
LP01,临平五杭,太湖片-苕溪小片,,,豪,P,暴,ɔ,,
LP01,临平五杭,太湖片-苕溪小片,,,豪,P,菢,,,
LP01,临平五杭,太湖片-苕溪小片,,,豪,M,毛,ɔ,,
LP01,临平五杭,太湖片-苕溪小片,,,豪,M,冒,ɔ,,
LP01,临平五杭,太湖片-苕溪小片,,,豪,M,帽,ɔ,,
LP01,临平五杭,太湖片-苕溪小片,,,豪,M,瑁,,,
LP01,临平五杭,太湖片-苕溪小片,,,豪,T,刀,ɔ,,
LP01,临平五杭,太湖片-苕溪小片,,,豪,T,叨,ɔ,,
LP01,临平五杭,太湖片-苕溪小片,,,豪,T,祷,ɔ,,
LP01,临平五杭,太湖片-苕溪小片,,,豪,T,岛,ɔ,,
LP01,临平五杭,太湖片-苕溪小片,,,豪,T,倒,ɔ,,
LP01,临平五杭,太湖片-苕溪小片,,,豪,T,捣,,,
LP01,临平五杭,太湖片-苕溪小片,,,豪,T,到,ɔ,,
LP01,临平五杭,太湖片-苕溪小片,,,豪,T,倒,ɔ,,
LP01,临平五杭,太湖片-苕溪小片,,,豪,T,滔,ɔ,,
LP01,临平五杭,太湖片-苕溪小片,,,豪,T,掏,ɔ,,
LP01,临平五杭,太湖片-苕溪小片,,,豪,T,讨,ɔ,,
LP01,临平五杭,太湖片-苕溪小片,,,豪,T,套,ɔ,,
LP01,临平五杭,太湖片-苕溪小片,,,豪,T,桃,ɔ,,
LP01,临平五杭,太湖片-苕溪小片,,,豪,T,逃,ɔ,,
LP01,临平五杭,太湖片-苕溪小片,,,豪,T,淘,ɔ,,
LP01,临平五杭,太湖片-苕溪小片,,,豪,T,陶,ɔ,,
LP01,临平五杭,太湖片-苕溪小片,,,豪,T,萄,ɔ,,
LP01,临平五杭,太湖片-苕溪小片,,,豪,T,涛,ɔ,,
LP01,临平五杭,太湖片-苕溪小片,,,豪,T,道,ɔ,,
LP01,临平五杭,太湖片-苕溪小片,,,豪,T,稻,ɔ,,
LP01,临平五杭,太湖片-苕溪小片,,,豪,T,盗,ɔ,,
LP01,临平五杭,太湖片-苕溪小片,,,豪,T,导,ɔ,,
LP01,临平五杭,太湖片-苕溪小片,,,豪,T,蹈,,,
LP01,临平五杭,太湖片-苕溪小片,,,豪,N,脑,ɔ,,
LP01,临平五杭,太湖片-苕溪小片,,,豪,N,恼,ɔ,,
LP01,临平五杭,太湖片-苕溪小片,,,豪,L,劳,ɔ,,
LP01,临平五杭,太湖片-苕溪小片,,,豪,L,捞,ɔ,,
LP01,临平五杭,太湖片-苕溪小片,,,豪,L,唠,ɔ,,
LP01,临平五杭,太湖片-苕溪小片,,,豪,L,牢,ɔ,,
LP01,临平五杭,太湖片-苕溪小片,,,豪,L,痨,ɔ,,
LP01,临平五杭,太湖片-苕溪小片,,,豪,L,老,ɔ,,
LP01,临平五杭,太湖片-苕溪小片,,,豪,L,佬,,,
LP01,临平五杭,太湖片-苕溪小片,,,豪,L,涝,ɔ,,
LP01,临平五杭,太湖片-苕溪小片,,,豪,TS,遭,ɔ,,
LP01,临平五杭,太湖片-苕溪小片,,,豪,TS,糟,ɔ,,
LP01,临平五杭,太湖片-苕溪小片,,,豪,TS,早,ɔ,,
LP01,临平五杭,太湖片-苕溪小片,,,豪,TS,枣,ɔ,,
LP01,临平五杭,太湖片-苕溪小片,,,豪,TS,蚤,ɔ,,
LP01,临平五杭,太湖片-苕溪小片,,,豪,TS,澡,ɔ,,
LP01,临平五杭,太湖片-苕溪小片,,,豪,TS,藻,,,
LP01,临平五杭,太湖片-苕溪小片,,,豪,TS,躁,ɔ,,
LP01,临平五杭,太湖片-苕溪小片,,,豪,TS,灶,ɔ,,
LP01,临平五杭,太湖片-苕溪小片,,,豪,TS,操,ɔ,,
LP01,临平五杭,太湖片-苕溪小片,,,豪,TS,草,ɔ,,
LP01,临平五杭,太湖片-苕溪小片,,,豪,TS,騲,,,
LP01,临平五杭,太湖片-苕溪小片,,,豪,TS,糙,ɔ,,
LP01,临平五杭,太湖片-苕溪小片,,,豪,TS,曹,ɔ,,
LP01,临平五杭,太湖片-苕溪小片,,,豪,TS,槽,ɔ,,
LP01,临平五杭,太湖片-苕溪小片,,,豪,TS,皂,ɔ,,
LP01,临平五杭,太湖片-苕溪小片,,,豪,TS,造,ɔ,,
LP01,临平五杭,太湖片-苕溪小片,,,豪,TS,骚,ɔ,,
LP01,临平五杭,太湖片-苕溪小片,,,豪,TS,臊,ɔ,,
LP01,临平五杭,太湖片-苕溪小片,,,豪,TS,扫,ɔ,,
LP01,临平五杭,太湖片-苕溪小片,,,豪,TS,嫂,ɔ,,
LP01,临平五杭,太湖片-苕溪小片,,,豪,TS,扫,ɔ,,
LP01,临平五杭,太湖片-苕溪小片,,,豪,TS,燥,ɔ,,
LP01,临平五杭,太湖片-苕溪小片,,,豪,K,高,ɔ,,
LP01,临平五杭,太湖片-苕溪小片,,,豪,K,膏,ɔ,,
LP01,临平五杭,太湖片-苕溪小片,,,豪,K,篙,ɔ,,
LP01,临平五杭,太湖片-苕溪小片,,,豪,K,羔,ɔ,,
LP01,临平五杭,太湖片-苕溪小片,,,豪,K,糕,ɔ,,
LP01,临平五杭,太湖片-苕溪小片,,,豪,K,稿,ɔ,,
LP01,临平五杭,太湖片-苕溪小片,,,豪,K,告,ɔ,,
LP01,临平五杭,太湖片-苕溪小片,,,豪,K,膏,ɔ,,
LP01,临平五杭,太湖片-苕溪小片,,,豪,K,考,ɔ,,
LP01,临平五杭,太湖片-苕溪小片,,,豪,K,烤,ɔ,,
LP01,临平五杭,太湖片-苕溪小片,,,豪,K,拷,,,
LP01,临平五杭,太湖片-苕溪小片,,,豪,K,靠,ɔ,,
LP01,临平五杭,太湖片-苕溪小片,,,豪,K,犒,,,
LP01,临平五杭,太湖片-苕溪小片,,,豪,K,铐,,,
LP01,临平五杭,太湖片-苕溪小片,,,豪,K,㸆,,,
LP01,临平五杭,太湖片-苕溪小片,,,豪,K,熬,ɔ,,
LP01,临平五杭,太湖片-苕溪小片,,,豪,K,敖,,,
LP01,临平五杭,太湖片-苕溪小片,,,豪,K,鳌,,,
LP01,临平五杭,太湖片-苕溪小片,,,豪,K,傲,ɔ,,
LP01,临平五杭,太湖片-苕溪小片,,,豪,K,鏊,,,
LP01,临平五杭,太湖片-苕溪小片,,,豪,Ø,蒿,ɔ,,
LP01,临平五杭,太湖片-苕溪小片,,,豪,Ø,薅,,,
LP01,临平五杭,太湖片-苕溪小片,,,豪,Ø,好,ɔ,,
LP01,临平五杭,太湖片-苕溪小片,,,豪,Ø,好,ɔ,,
LP01,临平五杭,太湖片-苕溪小片,,,豪,Ø,耗,ɔ,,
LP01,临平五杭,太湖片-苕溪小片,,,豪,Ø,豪,ɔ,,
LP01,临平五杭,太湖片-苕溪小片,,,豪,Ø,壕,ɔ,,
LP01,临平五杭,太湖片-苕溪小片,,,豪,Ø,毫,ɔ,,
LP01,临平五杭,太湖片-苕溪小片,,,豪,Ø,号,ɔ,,
LP01,临平五杭,太湖片-苕溪小片,,,豪,Ø,蠔,,,
LP01,临平五杭,太湖片-苕溪小片,,,豪,Ø,浩,ɔ,,
LP01,临平五杭,太湖片-苕溪小片,,,豪,Ø,号,ɔ,,
LP01,临平五杭,太湖片-苕溪小片,,,豪,Ø,爊,,,
LP01,临平五杭,太湖片-苕溪小片,,,豪,Ø,袄,,,
LP01,临平五杭,太湖片-苕溪小片,,,豪,Ø,懊,ɔ,,
LP01,临平五杭,太湖片-苕溪小片,,,豪,Ø,奥,ɔ,,
LP01,临平五杭,太湖片-苕溪小片,,,豪,Ø,懊,ɔ,,
LP01,临平五杭,太湖片-苕溪小片,,,豪,Ø,澳,ɔ,,
LP01,临平五杭,太湖片-苕溪小片,,,侯,P,剖,,,
LP01,临平五杭,太湖片-苕溪小片,,,侯,M,某,u,,
LP01,临平五杭,太湖片-苕溪小片,,,侯,M,亩,u/m,,
LP01,临平五杭,太湖片-苕溪小片,,,侯,M,牡,ø/i,,
LP01,临平五杭,太湖片-苕溪小片,,,侯,M,母,u,,
LP01,临平五杭,太湖片-苕溪小片,,,侯,M,拇,u,,
LP01,临平五杭,太湖片-苕溪小片,,,侯,M,戊,u,,
LP01,临平五杭,太湖片-苕溪小片,,,侯,M,茂,ø/ɔ,,
LP01,临平五杭,太湖片-苕溪小片,,,侯,M,贸,ø/ɔ,,
LP01,临平五杭,太湖片-苕溪小片,,,侯,T,兜,ø,,
LP01,临平五杭,太湖片-苕溪小片,,,侯,T,斗,ø,,
LP01,临平五杭,太湖片-苕溪小片,,,侯,T,抖,ø,,
LP01,临平五杭,太湖片-苕溪小片,,,侯,T,陡,,,
LP01,临平五杭,太湖片-苕溪小片,,,侯,T,蚪,ø,,
LP01,临平五杭,太湖片-苕溪小片,,,侯,T,斗,ø,,
LP01,临平五杭,太湖片-苕溪小片,,,侯,T,偷,ø,,
LP01,临平五杭,太湖片-苕溪小片,,,侯,T,敨,ø,,
LP01,临平五杭,太湖片-苕溪小片,,,侯,T,透,ø,,
LP01,临平五杭,太湖片-苕溪小片,,,侯,T,头,ø,,
LP01,临平五杭,太湖片-苕溪小片,,,侯,T,投,ø,,
LP01,临平五杭,太湖片-苕溪小片,,,侯,T,骰,,,
LP01,临平五杭,太湖片-苕溪小片,,,侯,T,豆,ø,,
LP01,临平五杭,太湖片-苕溪小片,,,侯,T,逗,,,
LP01,临平五杭,太湖片-苕溪小片,,,侯,T,痘,ø,,
LP01,临平五杭,太湖片-苕溪小片,,,侯,T,脰,ø,,
LP01,临平五杭,太湖片-苕溪小片,,,侯,L,楼,ø,,
LP01,临平五杭,太湖片-苕溪小片,,,侯,L,搂,,,
LP01,临平五杭,太湖片-苕溪小片,,,侯,L,耧,,,
LP01,临平五杭,太湖片-苕溪小片,,,侯,L,娄,,,
LP01,临平五杭,太湖片-苕溪小片,,,侯,L,搂,,,
LP01,临平五杭,太湖片-苕溪小片,,,侯,L,篓,ø,,
LP01,临平五杭,太湖片-苕溪小片,,,侯,L,溇,,,
LP01,临平五杭,太湖片-苕溪小片,,,侯,L,漏,ø,,
LP01,临平五杭,太湖片-苕溪小片,,,侯,L,陋,ø,,
LP01,临平五杭,太湖片-苕溪小片,,,侯,TS,走,ø,,
LP01,临平五杭,太湖片-苕溪小片,,,侯,TS,奏,ø,,
LP01,临平五杭,太湖片-苕溪小片,,,侯,TS,凑,ø,,
LP01,临平五杭,太湖片-苕溪小片,,,侯,TS,叟,,,
LP01,临平五杭,太湖片-苕溪小片,,,侯,TS,嗽,,,
LP01,临平五杭,太湖片-苕溪小片,,,侯,K,勾,ø,,
LP01,临平五杭,太湖片-苕溪小片,,,侯,K,钩,ø,,
LP01,临平五杭,太湖片-苕溪小片,,,侯,K,沟,ø,,
LP01,临平五杭,太湖片-苕溪小片,,,侯,K,狗,ø,,
LP01,临平五杭,太湖片-苕溪小片,,,侯,K,苟,,,
LP01,临平五杭,太湖片-苕溪小片,,,侯,K,垢,,,
LP01,临平五杭,太湖片-苕溪小片,,,侯,K,枸,,,
LP01,临平五杭,太湖片-苕溪小片,,,侯,K,彀,,,
LP01,临平五杭,太湖片-苕溪小片,,,侯,K,够,ø,,
LP01,临平五杭,太湖片-苕溪小片,,,侯,K,构,ø,,
LP01,临平五杭,太湖片-苕溪小片,,,侯,K,购,ø,,
LP01,临平五杭,太湖片-苕溪小片,,,侯,K,勾,ø,,
LP01,临平五杭,太湖片-苕溪小片,,,侯,K,抠,ø,,
LP01,临平五杭,太湖片-苕溪小片,,,侯,K,眍,,,
LP01,临平五杭,太湖片-苕溪小片,,,侯,K,口,ø,,
LP01,临平五杭,太湖片-苕溪小片,,,侯,K,叩,ø,,
LP01,临平五杭,太湖片-苕溪小片,,,侯,K,扣,ø,,
LP01,临平五杭,太湖片-苕溪小片,,,侯,K,寇,,,
LP01,临平五杭,太湖片-苕溪小片,,,侯,K,藕,ø,,
LP01,临平五杭,太湖片-苕溪小片,,,侯,K,偶,ø,,
LP01,临平五杭,太湖片-苕溪小片,,,侯,K,偶,ø,,
LP01,临平五杭,太湖片-苕溪小片,,,侯,Ø,吼,ø,,
LP01,临平五杭,太湖片-苕溪小片,,,侯,Ø,侯,ø,,
LP01,临平五杭,太湖片-苕溪小片,,,侯,Ø,喉,ø,,
LP01,临平五杭,太湖片-苕溪小片,,,侯,Ø,猴,ø,,
LP01,临平五杭,太湖片-苕溪小片,,,侯,Ø,瘊,,,
LP01,临平五杭,太湖片-苕溪小片,,,侯,Ø,後,ø,,
LP01,临平五杭,太湖片-苕溪小片,,,侯,Ø,厚,ø,,
LP01,临平五杭,太湖片-苕溪小片,,,侯,Ø,后,ø,,
LP01,临平五杭,太湖片-苕溪小片,,,侯,Ø,候,ø,,
LP01,临平五杭,太湖片-苕溪小片,,,侯,Ø,鲎,ø,,
LP01,临平五杭,太湖片-苕溪小片,,,侯,Ø,欧,ø,,
LP01,临平五杭,太湖片-苕溪小片,,,侯,Ø,瓯,ø,,
LP01,临平五杭,太湖片-苕溪小片,,,侯,Ø,区,,,
LP01,临平五杭,太湖片-苕溪小片,,,侯,Ø,鸥,,,
LP01,临平五杭,太湖片-苕溪小片,,,侯,Ø,呕,,,
LP01,临平五杭,太湖片-苕溪小片,,,侯,Ø,殴,,,
LP01,临平五杭,太湖片-苕溪小片,,,侯,Ø,沤,,,
LP01,临平五杭,太湖片-苕溪小片,,,侯,Ø,怄,,,
LP01,临平五杭,太湖片-苕溪小片,,,皆,P,拜,a,,
LP01,临平五杭,太湖片-苕溪小片,,,皆,P,排,a,,
LP01,临平五杭,太湖片-苕溪小片,,,皆,P,�,,,
LP01,临平五杭,太湖片-苕溪小片,,,皆,M,埋,a,,
LP01,临平五杭,太湖片-苕溪小片,,,皆,L,攋,a,,
LP01,临平五杭,太湖片-苕溪小片,,,皆,TS*,䍉,,,
LP01,临平五杭,太湖片-苕溪小片,,,皆,TS*,箉,,,
LP01,临平五杭,太湖片-苕溪小片,,,皆,TS*,斋,a,,
LP01,临平五杭,太湖片-苕溪小片,,,皆,TS*,豺,a,,
LP01,临平五杭,太湖片-苕溪小片,,,皆,K,皆,ia,,
LP01,临平五杭,太湖片-苕溪小片,,,皆,K,阶,,,
LP01,临平五杭,太湖片-苕溪小片,,,皆,K,稭,,,
LP01,临平五杭,太湖片-苕溪小片,,,皆,K,偕,,,
LP01,临平五杭,太湖片-苕溪小片,,,皆,K,介,a,,
LP01,临平五杭,太湖片-苕溪小片,,,皆,K,界,a,,
LP01,临平五杭,太湖片-苕溪小片,,,皆,K,芥,a,,
LP01,临平五杭,太湖片-苕溪小片,,,皆,K,尬,a,,
LP01,临平五杭,太湖片-苕溪小片,,,皆,K,疥,a,,
LP01,临平五杭,太湖片-苕溪小片,,,皆,K,届,ia,,
LP01,临平五杭,太湖片-苕溪小片,,,皆,K,戒,a,,
LP01,临平五杭,太湖片-苕溪小片,,,皆,K,庎,a,,
LP01,临平五杭,太湖片-苕溪小片,,,皆,K,揩,a,,
LP01,临平五杭,太湖片-苕溪小片,,,皆,K,楷,a,,
LP01,临平五杭,太湖片-苕溪小片,,,皆,Ø,谐,,,
LP01,临平五杭,太湖片-苕溪小片,,,皆,Ø,骇,,,
LP01,临平五杭,太湖片-苕溪小片,,,皆,Ø,械,,,
LP01,临平五杭,太湖片-苕溪小片,,,皆,Ø,挨,a,,
LP01,临平五杭,太湖片-苕溪小片,,,佳,P,摆,a,,
LP01,临平五杭,太湖片-苕溪小片,,,佳,P,派,a,,
LP01,临平五杭,太湖片-苕溪小片,,,佳,P,牌,a,,
LP01,临平五杭,太湖片-苕溪小片,,,佳,P,簰,a,,
LP01,临平五杭,太湖片-苕溪小片,,,佳,P,罢,o,,
LP01,临平五杭,太湖片-苕溪小片,,,佳,P,稗,a,,
LP01,临平五杭,太湖片-苕溪小片,,,佳,M,买,a,,
LP01,临平五杭,太湖片-苕溪小片,,,佳,M,卖,a,,
LP01,临平五杭,太湖片-苕溪小片,,,佳,N,奶,a/ɛ,,
LP01,临平五杭,太湖片-苕溪小片,,,佳,TS*,债,a,,
LP01,临平五杭,太湖片-苕溪小片,,,佳,TS*,钗,uo,,
LP01,临平五杭,太湖片-苕溪小片,,,佳,TS*,差,a/uo,出～/～勿多,
LP01,临平五杭,太湖片-苕溪小片,,,佳,TS*,柴,a,,
LP01,临平五杭,太湖片-苕溪小片,,,佳,TS*,筛,a,,
LP01,临平五杭,太湖片-苕溪小片,,,佳,TS*,洒,,,
LP01,临平五杭,太湖片-苕溪小片,,,佳,TS*,晒,uo,,
LP01,临平五杭,太湖片-苕溪小片,,,佳,K,佳,ia,,
LP01,临平五杭,太湖片-苕溪小片,,,佳,K,街,a,,
LP01,临平五杭,太湖片-苕溪小片,,,佳,K,解,a,～放、～开,
LP01,临平五杭,太湖片-苕溪小片,,,佳,K,懈,,,
LP01,临平五杭,太湖片-苕溪小片,,,佳,K,涯,ia,,
LP01,临平五杭,太湖片-苕溪小片,,,佳,K,崖,ia,,
LP01,临平五杭,太湖片-苕溪小片,,,佳,K,捱,,,
LP01,临平五杭,太湖片-苕溪小片,,,佳,Ø,鞋,a,,
LP01,临平五杭,太湖片-苕溪小片,,,佳,Ø,解,a,～放、～开,
LP01,临平五杭,太湖片-苕溪小片,,,佳,Ø,解,a,～放、～开,
LP01,临平五杭,太湖片-苕溪小片,,,佳,Ø,蟹,a,,
LP01,临平五杭,太湖片-苕溪小片,,,佳,Ø,矮,a,,
LP01,临平五杭,太湖片-苕溪小片,,,佳,Ø,隘,,,