point_id,point_name,subbranch,lat,lon,韵,声组,汉字,读音,note,桐庐方言志
TL01,桐庐镇,太湖片-临绍小片,,,歌,T,多,u,,
TL01,桐庐镇,太湖片-临绍小片,,,歌,T,拖,u,,
TL01,桐庐镇,太湖片-临绍小片,,,歌,T,他,a,,
TL01,桐庐镇,太湖片-临绍小片,,,歌,T,驼,u,,
TL01,桐庐镇,太湖片-临绍小片,,,歌,T,驮,u,,
TL01,桐庐镇,太湖片-临绍小片,,,歌,T,陀,u,,
TL01,桐庐镇,太湖片-临绍小片,,,歌,T,鸵,,,
TL01,桐庐镇,太湖片-临绍小片,,,歌,T,沱,,,
TL01,桐庐镇,太湖片-临绍小片,,,歌,T,舵,u,,
TL01,桐庐镇,太湖片-临绍小片,,,歌,T,大,a/ɛ/u,文读/～夫/白读,
TL01,桐庐镇,太湖片-临绍小片,,,歌,T,驮,u,,
TL01,桐庐镇,太湖片-临绍小片,,,歌,N,挪,a,,
TL01,桐庐镇,太湖片-临绍小片,,,歌,N,哪,,,
TL01,桐庐镇,太湖片-临绍小片,,,歌,N,那,,,
TL01,桐庐镇,太湖片-临绍小片,,,歌,L,罗,u,,
TL01,桐庐镇,太湖片-临绍小片,,,歌,L,锣,u,,
TL01,桐庐镇,太湖片-临绍小片,,,歌,L,箩,u,,
TL01,桐庐镇,太湖片-临绍小片,,,歌,L,萝,u/ɔ,文读,
TL01,桐庐镇,太湖片-临绍小片,,,歌,L,逻,,,
TL01,桐庐镇,太湖片-临绍小片,,,歌,TS,左,u,,
TL01,桐庐镇,太湖片-临绍小片,,,歌,TS,佐,u,,
TL01,桐庐镇,太湖片-临绍小片,,,歌,TS,搓,u,,
TL01,桐庐镇,太湖片-临绍小片,,,歌,TS,娑,,,
TL01,桐庐镇,太湖片-临绍小片,,,歌,K,歌,u,,
TL01,桐庐镇,太湖片-临绍小片,,,歌,K,哥,u,,
TL01,桐庐镇,太湖片-临绍小片,,,歌,K,柯,uo,,
TL01,桐庐镇,太湖片-临绍小片,,,歌,K,个,u,文读,
TL01,桐庐镇,太湖片-临绍小片,,,歌,K,轲,,,
TL01,桐庐镇,太湖片-临绍小片,,,歌,K,可,u/uo,白读～可/文读,
TL01,桐庐镇,太湖片-临绍小片,,,歌,K,蛾,u,,
TL01,桐庐镇,太湖片-临绍小片,,,歌,K,鹅,u,,
TL01,桐庐镇,太湖片-临绍小片,,,歌,K,俄,u,,
TL01,桐庐镇,太湖片-临绍小片,,,歌,K,娥,,,
TL01,桐庐镇,太湖片-临绍小片,,,歌,K,我,uo,,
TL01,桐庐镇,太湖片-临绍小片,,,歌,K,饿,u,,
TL01,桐庐镇,太湖片-临绍小片,,,歌,Ø,荷,u,,
TL01,桐庐镇,太湖片-临绍小片,,,歌,Ø,河,u,,
TL01,桐庐镇,太湖片-临绍小片,,,歌,Ø,何,u,,
TL01,桐庐镇,太湖片-临绍小片,,,歌,Ø,荷,u,,
TL01,桐庐镇,太湖片-临绍小片,,,歌,Ø,贺,u,,
TL01,桐庐镇,太湖片-临绍小片,,,歌,Ø,阿,,,
TL01,桐庐镇,太湖片-临绍小片,,,歌,Ø,屙,,,
TL01,桐庐镇,太湖片-临绍小片,,,戈,K,茄,ia,,
TL01,桐庐镇,太湖片-临绍小片,,,戈,P,波,u,,
TL01,桐庐镇,太湖片-临绍小片,,,戈,P,菠,u,,
TL01,桐庐镇,太湖片-临绍小片,,,戈,P,跛,,,
TL01,桐庐镇,太湖片-临绍小片,,,戈,P,簸,,,
TL01,桐庐镇,太湖片-临绍小片,,,戈,P,簸,,,
TL01,桐庐镇,太湖片-临绍小片,,,戈,P,播,,,
TL01,桐庐镇,太湖片-临绍小片,,,戈,P,颇,u,,
TL01,桐庐镇,太湖片-临绍小片,,,戈,P,坡,u,,
TL01,桐庐镇,太湖片-临绍小片,,,戈,P,玻,u,,
TL01,桐庐镇,太湖片-临绍小片,,,戈,P,破,a/u,白读/文读,
TL01,桐庐镇,太湖片-临绍小片,,,戈,P,婆,u,,
TL01,桐庐镇,太湖片-临绍小片,,,戈,P,薄,,,
TL01,桐庐镇,太湖片-临绍小片,,,戈,M,魔,u,,
TL01,桐庐镇,太湖片-临绍小片,,,戈,M,磨,u,,
TL01,桐庐镇,太湖片-临绍小片,,,戈,M,摩,u,,
TL01,桐庐镇,太湖片-临绍小片,,,戈,M,馍,,,
TL01,桐庐镇,太湖片-临绍小片,,,戈,M,蘑,,,
TL01,桐庐镇,太湖片-临绍小片,,,戈,M,磨,u,,
TL01,桐庐镇,太湖片-临绍小片,,,戈,T,朵,u,,
TL01,桐庐镇,太湖片-临绍小片,,,戈,T,躲,,,
TL01,桐庐镇,太湖片-临绍小片,,,戈,T,剁,u,,
TL01,桐庐镇,太湖片-临绍小片,,,戈,T,妥,u,,
TL01,桐庐镇,太湖片-临绍小片,,,戈,T,椭,,,
TL01,桐庐镇,太湖片-临绍小片,,,戈,T,唾,u,,
TL01,桐庐镇,太湖片-临绍小片,,,戈,T,砣,,,
TL01,桐庐镇,太湖片-临绍小片,,,戈,T,惰,u,,
TL01,桐庐镇,太湖片-临绍小片,,,戈,T,垛,,,
TL01,桐庐镇,太湖片-临绍小片,,,戈,T,堕,u,,
TL01,桐庐镇,太湖片-临绍小片,,,戈,N,挼,,,
TL01,桐庐镇,太湖片-临绍小片,,,戈,N,糯,u,,
TL01,桐庐镇,太湖片-临绍小片,,,戈,N,懦,u,,
TL01,桐庐镇,太湖片-临绍小片,,,戈,L,骡,u,,
TL01,桐庐镇,太湖片-临绍小片,,,戈,L,螺,u,,
TL01,桐庐镇,太湖片-临绍小片,,,戈,L,脶,u,,
TL01,桐庐镇,太湖片-临绍小片,,,戈,L,啰,u,,
TL01,桐庐镇,太湖片-临绍小片,,,戈,L,裸,u,,
TL01,桐庐镇,太湖片-临绍小片,,,戈,L,瘰,,,
TL01,桐庐镇,太湖片-临绍小片,,,戈,L,摞,,,
TL01,桐庐镇,太湖片-临绍小片,,,戈,TS,锉,u,,
TL01,桐庐镇,太湖片-临绍小片,,,戈,TS,莝,,,
TL01,桐庐镇,太湖片-临绍小片,,,戈,TS,矬,,,
TL01,桐庐镇,太湖片-临绍小片,,,戈,TS,坐,u,文读,
TL01,桐庐镇,太湖片-临绍小片,,,戈,TS,座,u,文读,
TL01,桐庐镇,太湖片-临绍小片,,,戈,TS,蓑,u,,
TL01,桐庐镇,太湖片-临绍小片,,,戈,TS,梭,u,,
TL01,桐庐镇,太湖片-临绍小片,,,戈,TS,唆,u,,
TL01,桐庐镇,太湖片-临绍小片,,,戈,TS,莎,,,
TL01,桐庐镇,太湖片-临绍小片,,,戈,TS,锁,u,,
TL01,桐庐镇,太湖片-临绍小片,,,戈,TS,琐,u,,
TL01,桐庐镇,太湖片-临绍小片,,,戈,TS,唢,,,
TL01,桐庐镇,太湖片-临绍小片,,,戈,K,过,u,,
TL01,桐庐镇,太湖片-临绍小片,,,戈,K,锅,u,,
TL01,桐庐镇,太湖片-临绍小片,,,戈,K,戈,u,,
TL01,桐庐镇,太湖片-临绍小片,,,戈,K,果,u,,
TL01,桐庐镇,太湖片-临绍小片,,,戈,K,裹,u,,
TL01,桐庐镇,太湖片-临绍小片,,,戈,K,餜,,,
TL01,桐庐镇,太湖片-临绍小片,,,戈,K,过,u,,
TL01,桐庐镇,太湖片-临绍小片,,,戈,K,科,u,,
TL01,桐庐镇,太湖片-临绍小片,,,戈,K,窠,u,,
TL01,桐庐镇,太湖片-临绍小片,,,戈,K,棵,u,,
TL01,桐庐镇,太湖片-临绍小片,,,戈,K,髁,,,
TL01,桐庐镇,太湖片-临绍小片,,,戈,K,蝌,,,
TL01,桐庐镇,太湖片-临绍小片,,,戈,K,颗,u,,
TL01,桐庐镇,太湖片-临绍小片,,,戈,K,课,u,,
TL01,桐庐镇,太湖片-临绍小片,,,戈,K,讹,,,
TL01,桐庐镇,太湖片-临绍小片,,,戈,K,卧,u,,
TL01,桐庐镇,太湖片-临绍小片,,,戈,Ø,火,u,,
TL01,桐庐镇,太湖片-临绍小片,,,戈,Ø,伙,u,,
TL01,桐庐镇,太湖片-临绍小片,,,戈,Ø,货,u,,
TL01,桐庐镇,太湖片-临绍小片,,,戈,Ø,和,u,,
TL01,桐庐镇,太湖片-临绍小片,,,戈,Ø,禾,u,,
TL01,桐庐镇,太湖片-临绍小片,,,戈,Ø,祸,u,,
TL01,桐庐镇,太湖片-临绍小片,,,戈,Ø,夥,,,
TL01,桐庐镇,太湖片-临绍小片,,,戈,Ø,和,u,,
TL01,桐庐镇,太湖片-临绍小片,,,戈,Ø,倭,u,,
TL01,桐庐镇,太湖片-临绍小片,,,戈,Ø,踒,,,
TL01,桐庐镇,太湖片-临绍小片,,,戈,Ø,窝,u/uo,文读,
TL01,桐庐镇,太湖片-临绍小片,,,戈,Ø,涡,,,
TL01,桐庐镇,太湖片-临绍小片,,,戈,Ø,莴,,,
TL01,桐庐镇,太湖片-临绍小片,,,戈,Ø,涴,,,
TL01,桐庐镇,太湖片-临绍小片,,,戈,Ø,瘸,,,
TL01,桐庐镇,太湖片-临绍小片,,,戈,Ø,靴,y,,
TL01,桐庐镇,太湖片-临绍小片,,,戈,Ø,�,,,
TL01,桐庐镇,太湖片-临绍小片,,,麻,P,巴,uo,,
TL01,桐庐镇,太湖片-临绍小片,,,麻,P,芭,uo,,
TL01,桐庐镇,太湖片-临绍小片,,,麻,P,疤,uo,,
TL01,桐庐镇,太湖片-临绍小片,,,麻,P,笆,,,
TL01,桐庐镇,太湖片-临绍小片,,,麻,P,吧,,,
TL01,桐庐镇,太湖片-临绍小片,,,麻,P,把,uo,,
TL01,桐庐镇,太湖片-临绍小片,,,麻,P,靶,,,
TL01,桐庐镇,太湖片-临绍小片,,,麻,P,霸,uo,,
TL01,桐庐镇,太湖片-临绍小片,,,麻,P,欛,a,,
TL01,桐庐镇,太湖片-临绍小片,,,麻,P,壩,a,,
TL01,桐庐镇,太湖片-临绍小片,,,麻,P,坝,uo,,
TL01,桐庐镇,太湖片-临绍小片,,,麻,P,爸,a,,
TL01,桐庐镇,太湖片-临绍小片,,,麻,P,怕,uo,,
TL01,桐庐镇,太湖片-临绍小片,,,麻,P,帕,a,,
TL01,桐庐镇,太湖片-临绍小片,,,麻,P,爬,uo,,
TL01,桐庐镇,太湖片-临绍小片,,,麻,P,琶,uo,文读,
TL01,桐庐镇,太湖片-临绍小片,,,麻,P,杷,uo,文读,
TL01,桐庐镇,太湖片-临绍小片,,,麻,P,钯,,,
TL01,桐庐镇,太湖片-临绍小片,,,麻,P,耙,uo,文读,
TL01,桐庐镇,太湖片-临绍小片,,,麻,M,麻,uo,,
TL01,桐庐镇,太湖片-临绍小片,,,麻,M,痲,uo,,
TL01,桐庐镇,太湖片-临绍小片,,,麻,M,蟆,a,,
TL01,桐庐镇,太湖片-临绍小片,,,麻,M,妈,a,,
TL01,桐庐镇,太湖片-临绍小片,,,麻,M,马,uo,,
TL01,桐庐镇,太湖片-临绍小片,,,麻,M,码,uo,,
TL01,桐庐镇,太湖片-临绍小片,,,麻,M,玛,,,
TL01,桐庐镇,太湖片-临绍小片,,,麻,M,蚂,,,
TL01,桐庐镇,太湖片-临绍小片,,,麻,M,骂,uo,,
TL01,桐庐镇,太湖片-临绍小片,,,麻,N,拿,a/u,文读/白读,
TL01,桐庐镇,太湖片-临绍小片,,,麻,TS,茶,yo,,
TL01,桐庐镇,太湖片-临绍小片,,,麻,TS,搽,yo,,
TL01,桐庐镇,太湖片-临绍小片,,,麻,TS,䖳,,,
TL01,桐庐镇,太湖片-临绍小片,,,麻,TS*,楂,yo,,
TL01,桐庐镇,太湖片-临绍小片,,,麻,TS*,渣,yo,,
TL01,桐庐镇,太湖片-临绍小片,,,麻,TS*,诈,yo,,
TL01,桐庐镇,太湖片-临绍小片,,,麻,TS*,榨,yo,,
TL01,桐庐镇,太湖片-临绍小片,,,麻,TS*,炸,yo,,
TL01,桐庐镇,太湖片-临绍小片,,,麻,TS*,叉,yo,,
TL01,桐庐镇,太湖片-临绍小片,,,麻,TS*,杈,yo,,
TL01,桐庐镇,太湖片-临绍小片,,,麻,TS*,差,a,出～,
TL01,桐庐镇,太湖片-临绍小片,,,麻,TS*,岔,yo,,
TL01,桐庐镇,太湖片-临绍小片,,,麻,TS*,差,a,出～,
TL01,桐庐镇,太湖片-临绍小片,,,麻,TS*,茬,,,
TL01,桐庐镇,太湖片-临绍小片,,,麻,TS*,查,yo,,
TL01,桐庐镇,太湖片-临绍小片,,,麻,TS*,乍,,,
TL01,桐庐镇,太湖片-临绍小片,,,麻,TS*,沙,yo,,
TL01,桐庐镇,太湖片-临绍小片,,,麻,TS*,纱,yo,,
TL01,桐庐镇,太湖片-临绍小片,,,麻,TS*,痧,yo,,
TL01,桐庐镇,太湖片-临绍小片,,,麻,TS*,砂,,,
TL01,桐庐镇,太湖片-临绍小片,,,麻,TS*,鲨,,,
TL01,桐庐镇,太湖片-临绍小片,,,麻,TS*,裟,,,
TL01,桐庐镇,太湖片-临绍小片,,,麻,TS*,洒,a,,
TL01,桐庐镇,太湖片-临绍小片,,,麻,TS*,厦,,,
TL01,桐庐镇,太湖片-临绍小片,,,麻,K,家,uo,,
TL01,桐庐镇,太湖片-临绍小片,,,麻,K,傢,uo,,
TL01,桐庐镇,太湖片-临绍小片,,,麻,K,加,uo,,
TL01,桐庐镇,太湖片-临绍小片,,,麻,K,痂,,,
TL01,桐庐镇,太湖片-临绍小片,,,麻,K,嘉,uo,,
TL01,桐庐镇,太湖片-临绍小片,,,麻,K,枷,,,
TL01,桐庐镇,太湖片-临绍小片,,,麻,K,袈,,,
TL01,桐庐镇,太湖片-临绍小片,,,麻,K,假,uo,,
TL01,桐庐镇,太湖片-临绍小片,,,麻,K,贾,ia,,
TL01,桐庐镇,太湖片-临绍小片,,,麻,K,假,uo,,
TL01,桐庐镇,太湖片-临绍小片,,,麻,K,架,uo,,
TL01,桐庐镇,太湖片-临绍小片,,,麻,K,驾,,,
TL01,桐庐镇,太湖片-临绍小片,,,麻,K,嫁,uo,,
TL01,桐庐镇,太湖片-临绍小片,,,麻,K,稼,,,
TL01,桐庐镇,太湖片-临绍小片,,,麻,K,价,uo,,
TL01,桐庐镇,太湖片-临绍小片,,,麻,K,揢,,,
TL01,桐庐镇,太湖片-临绍小片,,,麻,K,牙,uo,,
TL01,桐庐镇,太湖片-临绍小片,,,麻,K,芽,uo,,
TL01,桐庐镇,太湖片-临绍小片,,,麻,K,衙,uo,,
TL01,桐庐镇,太湖片-临绍小片,,,麻,K,伢,,,
TL01,桐庐镇,太湖片-临绍小片,,,麻,K,蚜,,,
TL01,桐庐镇,太湖片-临绍小片,,,麻,K,雅,uo,,
TL01,桐庐镇,太湖片-临绍小片,,,麻,K,砑,,,
TL01,桐庐镇,太湖片-临绍小片,,,麻,Ø,虾,a/uo,,
TL01,桐庐镇,太湖片-临绍小片,,,麻,Ø,�,,,
TL01,桐庐镇,太湖片-临绍小片,,,麻,Ø,嚇,,,
TL01,桐庐镇,太湖片-临绍小片,,,麻,Ø,霞,ia,,
TL01,桐庐镇,太湖片-临绍小片,,,麻,Ø,瑕,ia,,
TL01,桐庐镇,太湖片-临绍小片,,,麻,Ø,遐,ia,,
TL01,桐庐镇,太湖片-临绍小片,,,麻,Ø,蝦,,,
TL01,桐庐镇,太湖片-临绍小片,,,麻,Ø,下,uo,,
TL01,桐庐镇,太湖片-临绍小片,,,麻,Ø,夏,uo,,
TL01,桐庐镇,太湖片-临绍小片,,,麻,Ø,厦,,,
TL01,桐庐镇,太湖片-临绍小片,,,麻,Ø,下,uo,,
TL01,桐庐镇,太湖片-临绍小片,,,麻,Ø,夏,uo,,
TL01,桐庐镇,太湖片-临绍小片,,,麻,Ø,暇,ia,,
TL01,桐庐镇,太湖片-临绍小片,,,麻,Ø,鸦,uo,,
TL01,桐庐镇,太湖片-临绍小片,,,麻,Ø,丫,uo,,
TL01,桐庐镇,太湖片-临绍小片,,,麻,Ø,桠,uo,,
TL01,桐庐镇,太湖片-临绍小片,,,麻,Ø,哑,uo,,
TL01,桐庐镇,太湖片-临绍小片,,,麻,Ø,亚,,,
TL01,桐庐镇,太湖片-临绍小片,,,模,P,补,u,,
TL01,桐庐镇,太湖片-临绍小片,,,模,P,谱,u,,
TL01,桐庐镇,太湖片-临绍小片,,,模,P,哺,,,
TL01,桐庐镇,太湖片-临绍小片,,,模,P,布,u,,
TL01,桐庐镇,太湖片-临绍小片,,,模,P,佈,u,,
TL01,桐庐镇,太湖片-临绍小片,,,模,P,铺,u,,
TL01,桐庐镇,太湖片-临绍小片,,,模,P,潽,,,
TL01,桐庐镇,太湖片-临绍小片,,,模,P,普,u,,
TL01,桐庐镇,太湖片-临绍小片,,,模,P,浦,u,,
TL01,桐庐镇,太湖片-临绍小片,,,模,P,铺,u,,
TL01,桐庐镇,太湖片-临绍小片,,,模,P,怖,u,,
TL01,桐庐镇,太湖片-临绍小片,,,模,P,蒲,u,,
TL01,桐庐镇,太湖片-临绍小片,,,模,P,菩,u,,
TL01,桐庐镇,太湖片-临绍小片,,,模,P,脯,u,,
TL01,桐庐镇,太湖片-临绍小片,,,模,P,葡,,,
TL01,桐庐镇,太湖片-临绍小片,,,模,P,莆,,,
TL01,桐庐镇,太湖片-临绍小片,,,模,P,部,u,,
TL01,桐庐镇,太湖片-临绍小片,,,模,P,簿,u,,
TL01,桐庐镇,太湖片-临绍小片,,,模,P,篰,,,
TL01,桐庐镇,太湖片-临绍小片,,,模,P,步,u,,
TL01,桐庐镇,太湖片-临绍小片,,,模,P,捕,u,,
TL01,桐庐镇,太湖片-临绍小片,,,模,P,埠,u,,
TL01,桐庐镇,太湖片-临绍小片,,,模,M,模,u,,
TL01,桐庐镇,太湖片-临绍小片,,,模,M,模,u,,
TL01,桐庐镇,太湖片-临绍小片,,,模,M,摹,,,
TL01,桐庐镇,太湖片-临绍小片,,,模,M,姥,,,
TL01,桐庐镇,太湖片-临绍小片,,,模,M,暮,u,,
TL01,桐庐镇,太湖片-临绍小片,,,模,M,慕,u,,
TL01,桐庐镇,太湖片-临绍小片,,,模,M,墓,u,,
TL01,桐庐镇,太湖片-临绍小片,,,模,M,募,,,
TL01,桐庐镇,太湖片-临绍小片,,,模,M,睦,,,
TL01,桐庐镇,太湖片-临绍小片,,,模,T,都,u,,
TL01,桐庐镇,太湖片-临绍小片,,,模,T,都,u,,
TL01,桐庐镇,太湖片-临绍小片,,,模,T,赌,u,,
TL01,桐庐镇,太湖片-临绍小片,,,模,T,堵,u,,
TL01,桐庐镇,太湖片-临绍小片,,,模,T,肚,u,,
TL01,桐庐镇,太湖片-临绍小片,,,模,T,睹,,,
TL01,桐庐镇,太湖片-临绍小片,,,模,T,妒,u,,
TL01,桐庐镇,太湖片-临绍小片,,,模,T,土,u,,
TL01,桐庐镇,太湖片-临绍小片,,,模,T,吐,u,,
TL01,桐庐镇,太湖片-临绍小片,,,模,T,吐,u,,
TL01,桐庐镇,太湖片-临绍小片,,,模,T,兔,u,,
TL01,桐庐镇,太湖片-临绍小片,,,模,T,徒,u,,
TL01,桐庐镇,太湖片-临绍小片,,,模,T,屠,u,,
TL01,桐庐镇,太湖片-临绍小片,,,模,T,途,u,,
TL01,桐庐镇,太湖片-临绍小片,,,模,T,涂,u,,
TL01,桐庐镇,太湖片-临绍小片,,,模,T,图,u,,
TL01,桐庐镇,太湖片-临绍小片,,,模,T,杜,u,,
TL01,桐庐镇,太湖片-临绍小片,,,模,T,肚,u,,
TL01,桐庐镇,太湖片-临绍小片,,,模,T,度,u,,
TL01,桐庐镇,太湖片-临绍小片,,,模,T,渡,u,,
TL01,桐庐镇,太湖片-临绍小片,,,模,T,镀,u,,
TL01,桐庐镇,太湖片-临绍小片,,,模,N,奴,u,,
TL01,桐庐镇,太湖片-临绍小片,,,模,N,努,u,,
TL01,桐庐镇,太湖片-临绍小片,,,模,N,怒,u,,
TL01,桐庐镇,太湖片-临绍小片,,,模,L,卢,u,,
TL01,桐庐镇,太湖片-临绍小片,,,模,L,炉,u,,
TL01,桐庐镇,太湖片-临绍小片,,,模,L,芦,,,
TL01,桐庐镇,太湖片-临绍小片,,,模,L,鸬,,,
TL01,桐庐镇,太湖片-临绍小片,,,模,L,颅,,,
TL01,桐庐镇,太湖片-临绍小片,,,模,L,鲈,,,
TL01,桐庐镇,太湖片-临绍小片,,,模,L,鲁,u,,
TL01,桐庐镇,太湖片-临绍小片,,,模,L,橹,u,,
TL01,桐庐镇,太湖片-临绍小片,,,模,L,虏,u,,
TL01,桐庐镇,太湖片-临绍小片,,,模,L,卤,,,
TL01,桐庐镇,太湖片-临绍小片,,,模,L,路,u,,
TL01,桐庐镇,太湖片-临绍小片,,,模,L,赂,u,,
TL01,桐庐镇,太湖片-临绍小片,,,模,L,露,u,,
TL01,桐庐镇,太湖片-临绍小片,,,模,L,鹭,u,,
TL01,桐庐镇,太湖片-临绍小片,,,模,TS,租,u,,
TL01,桐庐镇,太湖片-临绍小片,,,模,TS,祖,u,,
TL01,桐庐镇,太湖片-临绍小片,,,模,TS,组,u,,
TL01,桐庐镇,太湖片-临绍小片,,,模,TS,做,u,,
TL01,桐庐镇,太湖片-临绍小片,,,模,TS,粗,u,,
TL01,桐庐镇,太湖片-临绍小片,,,模,TS,醋,u,,
TL01,桐庐镇,太湖片-临绍小片,,,模,TS,措,u,,
TL01,桐庐镇,太湖片-临绍小片,,,模,TS,错,u,,
TL01,桐庐镇,太湖片-临绍小片,,,模,TS,苏,u,,
TL01,桐庐镇,太湖片-临绍小片,,,模,TS,酥,u,,
TL01,桐庐镇,太湖片-临绍小片,,,模,TS,素,u,,
TL01,桐庐镇,太湖片-临绍小片,,,模,TS,诉,u,,
TL01,桐庐镇,太湖片-临绍小片,,,模,TS,塑,,,
TL01,桐庐镇,太湖片-临绍小片,,,模,TS,嗉,,,
TL01,桐庐镇,太湖片-临绍小片,,,模,K,姑,u,,
TL01,桐庐镇,太湖片-临绍小片,,,模,K,孤,u,,
TL01,桐庐镇,太湖片-临绍小片,,,模,K,箍,u,,
TL01,桐庐镇,太湖片-临绍小片,,,模,K,辜,u,,
TL01,桐庐镇,太湖片-临绍小片,,,模,K,菇,,,
TL01,桐庐镇,太湖片-临绍小片,,,模,K,鸪,,,
TL01,桐庐镇,太湖片-临绍小片,,,模,K,蛄,,,
TL01,桐庐镇,太湖片-临绍小片,,,模,K,古,u,,
TL01,桐庐镇,太湖片-临绍小片,,,模,K,估,u,,
TL01,桐庐镇,太湖片-临绍小片,,,模,K,盬,,,
TL01,桐庐镇,太湖片-临绍小片,,,模,K,牯,u,,
TL01,桐庐镇,太湖片-临绍小片,,,模,K,股,u,,
TL01,桐庐镇,太湖片-临绍小片,,,模,K,鼓,u,,
TL01,桐庐镇,太湖片-临绍小片,,,模,K,蛊,,,
TL01,桐庐镇,太湖片-临绍小片,,,模,K,故,,,
TL01,桐庐镇,太湖片-临绍小片,,,模,K,固,u,,
TL01,桐庐镇,太湖片-临绍小片,,,模,K,锢,,,
TL01,桐庐镇,太湖片-临绍小片,,,模,K,雇,u,,
TL01,桐庐镇,太湖片-临绍小片,,,模,K,顾,u,,
TL01,桐庐镇,太湖片-临绍小片,,,模,K,枯,u,,
TL01,桐庐镇,太湖片-临绍小片,,,模,K,苦,u,,
TL01,桐庐镇,太湖片-临绍小片,,,模,K,库,u,,
TL01,桐庐镇,太湖片-临绍小片,,,模,K,裤,u,,
TL01,桐庐镇,太湖片-临绍小片,,,模,K,吴,u,,
TL01,桐庐镇,太湖片-临绍小片,,,模,K,蜈,,,
TL01,桐庐镇,太湖片-临绍小片,,,模,K,吾,u,文读,
TL01,桐庐镇,太湖片-临绍小片,,,模,K,梧,u,,
TL01,桐庐镇,太湖片-临绍小片,,,模,K,五,u,文读,
TL01,桐庐镇,太湖片-临绍小片,,,模,K,伍,u,文读,
TL01,桐庐镇,太湖片-临绍小片,,,模,K,午,u,文读,
TL01,桐庐镇,太湖片-临绍小片,,,模,K,忤,u,,
TL01,桐庐镇,太湖片-临绍小片,,,模,K,误,u,,
TL01,桐庐镇,太湖片-临绍小片,,,模,K,悟,u,,
TL01,桐庐镇,太湖片-临绍小片,,,模,Ø,呼,u,,
TL01,桐庐镇,太湖片-临绍小片,,,模,Ø,虎,u,,
TL01,桐庐镇,太湖片-临绍小片,,,模,Ø,浒,u,,
TL01,桐庐镇,太湖片-临绍小片,,,模,Ø,琥,,,
TL01,桐庐镇,太湖片-临绍小片,,,模,Ø,戽,u,,
TL01,桐庐镇,太湖片-临绍小片,,,模,Ø,胡,u,,
TL01,桐庐镇,太湖片-临绍小片,,,模,Ø,湖,u,,
TL01,桐庐镇,太湖片-临绍小片,,,模,Ø,狐,u,,
TL01,桐庐镇,太湖片-临绍小片,,,模,Ø,壶,u,,
TL01,桐庐镇,太湖片-临绍小片,,,模,Ø,乎,u,,
TL01,桐庐镇,太湖片-临绍小片,,,模,Ø,瓠,u,,
TL01,桐庐镇,太湖片-临绍小片,,,模,Ø,鬍,u,,
TL01,桐庐镇,太湖片-临绍小片,,,模,Ø,糊,u,,
TL01,桐庐镇,太湖片-临绍小片,,,模,Ø,蝴,,,
TL01,桐庐镇,太湖片-临绍小片,,,模,Ø,瑚,,,
TL01,桐庐镇,太湖片-临绍小片,,,模,Ø,户,u,,
TL01,桐庐镇,太湖片-临绍小片,,,模,Ø,沪,u,,
TL01,桐庐镇,太湖片-临绍小片,,,模,Ø,互,u,,
TL01,桐庐镇,太湖片-临绍小片,,,模,Ø,护,u,,
TL01,桐庐镇,太湖片-临绍小片,,,模,Ø,瓠,u,,
TL01,桐庐镇,太湖片-临绍小片,,,模,Ø,糊,u,,
TL01,桐庐镇,太湖片-临绍小片,,,模,Ø,乌,u,,
TL01,桐庐镇,太湖片-临绍小片,,,模,Ø,污,,,
TL01,桐庐镇,太湖片-临绍小片,,,模,Ø,坞,u,,
TL01,桐庐镇,太湖片-临绍小片,,,模,Ø,恶,u,,
TL01,桐庐镇,太湖片-临绍小片,,,豪,P,褒,ɔ,,
TL01,桐庐镇,太湖片-临绍小片,,,豪,P,保,ɔ,,
TL01,桐庐镇,太湖片-临绍小片,,,豪,P,堡,ɔ,,
TL01,桐庐镇,太湖片-临绍小片,,,豪,P,宝,ɔ,,
TL01,桐庐镇,太湖片-临绍小片,,,豪,P,报,ɔ,,
TL01,桐庐镇,太湖片-临绍小片,,,豪,P,袍,ɔ,,
TL01,桐庐镇,太湖片-临绍小片,,,豪,P,抱,ɔ,,
TL01,桐庐镇,太湖片-临绍小片,,,豪,P,暴,ɔ,,
TL01,桐庐镇,太湖片-临绍小片,,,豪,P,菢,,,
TL01,桐庐镇,太湖片-临绍小片,,,豪,M,毛,ɔ,,
TL01,桐庐镇,太湖片-临绍小片,,,豪,M,冒,ɔ,,
TL01,桐庐镇,太湖片-临绍小片,,,豪,M,帽,ɔ,,
TL01,桐庐镇,太湖片-临绍小片,,,豪,M,瑁,,,
TL01,桐庐镇,太湖片-临绍小片,,,豪,T,刀,ɔ,,
TL01,桐庐镇,太湖片-临绍小片,,,豪,T,叨,ɔ,,
TL01,桐庐镇,太湖片-临绍小片,,,豪,T,祷,ɔ,,
TL01,桐庐镇,太湖片-临绍小片,,,豪,T,岛,ɔ,,
TL01,桐庐镇,太湖片-临绍小片,,,豪,T,倒,ɔ,,
TL01,桐庐镇,太湖片-临绍小片,,,豪,T,捣,,,
TL01,桐庐镇,太湖片-临绍小片,,,豪,T,到,ɔ,,
TL01,桐庐镇,太湖片-临绍小片,,,豪,T,倒,ɔ,,
TL01,桐庐镇,太湖片-临绍小片,,,豪,T,滔,ɔ,,
TL01,桐庐镇,太湖片-临绍小片,,,豪,T,掏,ɔ,,
TL01,桐庐镇,太湖片-临绍小片,,,豪,T,讨,ɔ,,
TL01,桐庐镇,太湖片-临绍小片,,,豪,T,套,ɔ,,
TL01,桐庐镇,太湖片-临绍小片,,,豪,T,桃,ɔ,,
TL01,桐庐镇,太湖片-临绍小片,,,豪,T,逃,ɔ,,
TL01,桐庐镇,太湖片-临绍小片,,,豪,T,淘,ɔ,,
TL01,桐庐镇,太湖片-临绍小片,,,豪,T,陶,ɔ,,
TL01,桐庐镇,太湖片-临绍小片,,,豪,T,萄,ɔ,,
TL01,桐庐镇,太湖片-临绍小片,,,豪,T,涛,ɔ,,
TL01,桐庐镇,太湖片-临绍小片,,,豪,T,道,ɔ,,
TL01,桐庐镇,太湖片-临绍小片,,,豪,T,稻,ɔ,,
TL01,桐庐镇,太湖片-临绍小片,,,豪,T,盗,ɔ,,
TL01,桐庐镇,太湖片-临绍小片,,,豪,T,导,ɔ,,
TL01,桐庐镇,太湖片-临绍小片,,,豪,T,蹈,,,
TL01,桐庐镇,太湖片-临绍小片,,,豪,N,脑,ɔ,,
TL01,桐庐镇,太湖片-临绍小片,,,豪,N,恼,ɔ,,
TL01,桐庐镇,太湖片-临绍小片,,,豪,L,劳,ɔ,,
TL01,桐庐镇,太湖片-临绍小片,,,豪,L,捞,,,
TL01,桐庐镇,太湖片-临绍小片,,,豪,L,唠,,,
TL01,桐庐镇,太湖片-临绍小片,,,豪,L,牢,ɔ,白读,
TL01,桐庐镇,太湖片-临绍小片,,,豪,L,痨,ɔ,,
TL01,桐庐镇,太湖片-临绍小片,,,豪,L,老,ɔ,,
TL01,桐庐镇,太湖片-临绍小片,,,豪,L,佬,,,
TL01,桐庐镇,太湖片-临绍小片,,,豪,L,涝,,,
TL01,桐庐镇,太湖片-临绍小片,,,豪,TS,遭,ɔ,,
TL01,桐庐镇,太湖片-临绍小片,,,豪,TS,糟,ɔ,,
TL01,桐庐镇,太湖片-临绍小片,,,豪,TS,早,ɔ,,
TL01,桐庐镇,太湖片-临绍小片,,,豪,TS,枣,ɔ,,
TL01,桐庐镇,太湖片-临绍小片,,,豪,TS,蚤,ɔ,,
TL01,桐庐镇,太湖片-临绍小片,,,豪,TS,澡,ɔ,,
TL01,桐庐镇,太湖片-临绍小片,,,豪,TS,藻,,,
TL01,桐庐镇,太湖片-临绍小片,,,豪,TS,躁,ɔ,,
TL01,桐庐镇,太湖片-临绍小片,,,豪,TS,灶,ɔ,,
TL01,桐庐镇,太湖片-临绍小片,,,豪,TS,操,ɔ,,
TL01,桐庐镇,太湖片-临绍小片,,,豪,TS,草,ɔ,,
TL01,桐庐镇,太湖片-临绍小片,,,豪,TS,騲,,,
TL01,桐庐镇,太湖片-临绍小片,,,豪,TS,糙,,,
TL01,桐庐镇,太湖片-临绍小片,,,豪,TS,曹,ɔ,,
TL01,桐庐镇,太湖片-临绍小片,,,豪,TS,槽,,,
TL01,桐庐镇,太湖片-临绍小片,,,豪,TS,皂,ɔ,,
TL01,桐庐镇,太湖片-临绍小片,,,豪,TS,造,ɔ,,
TL01,桐庐镇,太湖片-临绍小片,,,豪,TS,骚,ɔ,,
TL01,桐庐镇,太湖片-临绍小片,,,豪,TS,臊,ɔ,,
TL01,桐庐镇,太湖片-临绍小片,,,豪,TS,扫,ɔ,,
TL01,桐庐镇,太湖片-临绍小片,,,豪,TS,嫂,ɔ,,
TL01,桐庐镇,太湖片-临绍小片,,,豪,TS,扫,ɔ,,
TL01,桐庐镇,太湖片-临绍小片,,,豪,TS,燥,,,
TL01,桐庐镇,太湖片-临绍小片,,,豪,K,高,ɔ,,
TL01,桐庐镇,太湖片-临绍小片,,,豪,K,膏,ɔ,,
TL01,桐庐镇,太湖片-临绍小片,,,豪,K,篙,,,
TL01,桐庐镇,太湖片-临绍小片,,,豪,K,羔,ɔ,,
TL01,桐庐镇,太湖片-临绍小片,,,豪,K,糕,ɔ,,
TL01,桐庐镇,太湖片-临绍小片,,,豪,K,稿,ɔ,,
TL01,桐庐镇,太湖片-临绍小片,,,豪,K,告,ɔ,,
TL01,桐庐镇,太湖片-临绍小片,,,豪,K,膏,ɔ,,
TL01,桐庐镇,太湖片-临绍小片,,,豪,K,考,ɔ,,
TL01,桐庐镇,太湖片-临绍小片,,,豪,K,烤,ɔ,,
TL01,桐庐镇,太湖片-临绍小片,,,豪,K,拷,,,
TL01,桐庐镇,太湖片-临绍小片,,,豪,K,靠,ɔ,,
TL01,桐庐镇,太湖片-临绍小片,,,豪,K,犒,ɔ,,
TL01,桐庐镇,太湖片-临绍小片,,,豪,K,铐,,,
TL01,桐庐镇,太湖片-临绍小片,,,豪,K,㸆,,,
TL01,桐庐镇,太湖片-临绍小片,,,豪,K,熬,ɔ,,
TL01,桐庐镇,太湖片-临绍小片,,,豪,K,敖,,,
TL01,桐庐镇,太湖片-临绍小片,,,豪,K,鳌,,,
TL01,桐庐镇,太湖片-临绍小片,,,豪,K,傲,ɔ,,
TL01,桐庐镇,太湖片-临绍小片,,,豪,K,鏊,,,
TL01,桐庐镇,太湖片-临绍小片,,,豪,Ø,蒿,ɔ,,
TL01,桐庐镇,太湖片-临绍小片,,,豪,Ø,薅,,,
TL01,桐庐镇,太湖片-临绍小片,,,豪,Ø,好,ɔ,,
TL01,桐庐镇,太湖片-临绍小片,,,豪,Ø,好,ɔ,,
TL01,桐庐镇,太湖片-临绍小片,,,豪,Ø,耗,ɔ,,
TL01,桐庐镇,太湖片-临绍小片,,,豪,Ø,豪,ɔ,,
TL01,桐庐镇,太湖片-临绍小片,,,豪,Ø,壕,,,
TL01,桐庐镇,太湖片-临绍小片,,,豪,Ø,毫,ɔ,,
TL01,桐庐镇,太湖片-临绍小片,,,豪,Ø,号,ɔ,,
TL01,桐庐镇,太湖片-临绍小片,,,豪,Ø,蠔,,,
TL01,桐庐镇,太湖片-临绍小片,,,豪,Ø,浩,ɔ,,
TL01,桐庐镇,太湖片-临绍小片,,,豪,Ø,号,ɔ,,
TL01,桐庐镇,太湖片-临绍小片,,,豪,Ø,爊,,,
TL01,桐庐镇,太湖片-临绍小片,,,豪,Ø,袄,ɔ,,
TL01,桐庐镇,太湖片-临绍小片,,,豪,Ø,懊,ɔ,,
TL01,桐庐镇,太湖片-临绍小片,,,豪,Ø,奥,ɔ,,
TL01,桐庐镇,太湖片-临绍小片,,,豪,Ø,懊,ɔ,,
TL01,桐庐镇,太湖片-临绍小片,,,豪,Ø,澳,,,
TL01,桐庐镇,太湖片-临绍小片,,,侯,P,剖,e,,
TL01,桐庐镇,太湖片-临绍小片,,,侯,M,某,e,文读,
TL01,桐庐镇,太湖片-临绍小片,,,侯,M,亩,e,文读,
TL01,桐庐镇,太湖片-临绍小片,,,侯,M,牡,e,,
TL01,桐庐镇,太湖片-临绍小片,,,侯,M,母,,,
TL01,桐庐镇,太湖片-临绍小片,,,侯,M,拇,,,
TL01,桐庐镇,太湖片-临绍小片,,,侯,M,戊,,,
TL01,桐庐镇,太湖片-临绍小片,,,侯,M,茂,e,,
TL01,桐庐镇,太湖片-临绍小片,,,侯,M,贸,e,,
TL01,桐庐镇,太湖片-临绍小片,,,侯,T,兜,,,
TL01,桐庐镇,太湖片-临绍小片,,,侯,T,斗,e,,
TL01,桐庐镇,太湖片-临绍小片,,,侯,T,抖,e,,
TL01,桐庐镇,太湖片-临绍小片,,,侯,T,陡,e,文读,
TL01,桐庐镇,太湖片-临绍小片,,,侯,T,蚪,,,
TL01,桐庐镇,太湖片-临绍小片,,,侯,T,斗,e,,
TL01,桐庐镇,太湖片-临绍小片,,,侯,T,偷,e,,
TL01,桐庐镇,太湖片-临绍小片,,,侯,T,敨,,,
TL01,桐庐镇,太湖片-临绍小片,,,侯,T,透,e,,
TL01,桐庐镇,太湖片-临绍小片,,,侯,T,头,e,,
TL01,桐庐镇,太湖片-临绍小片,,,侯,T,投,e,,
TL01,桐庐镇,太湖片-临绍小片,,,侯,T,骰,,,
TL01,桐庐镇,太湖片-临绍小片,,,侯,T,豆,e,,
TL01,桐庐镇,太湖片-临绍小片,,,侯,T,逗,e,,
TL01,桐庐镇,太湖片-临绍小片,,,侯,T,痘,e,,
TL01,桐庐镇,太湖片-临绍小片,,,侯,T,脰,,,
TL01,桐庐镇,太湖片-临绍小片,,,侯,L,楼,e,,
TL01,桐庐镇,太湖片-临绍小片,,,侯,L,搂,e,,
TL01,桐庐镇,太湖片-临绍小片,,,侯,L,耧,,,
TL01,桐庐镇,太湖片-临绍小片,,,侯,L,娄,,,
TL01,桐庐镇,太湖片-临绍小片,,,侯,L,搂,e,,
TL01,桐庐镇,太湖片-临绍小片,,,侯,L,篓,e,,
TL01,桐庐镇,太湖片-临绍小片,,,侯,L,溇,,,
TL01,桐庐镇,太湖片-临绍小片,,,侯,L,漏,e,,
TL01,桐庐镇,太湖片-临绍小片,,,侯,L,陋,e,,
TL01,桐庐镇,太湖片-临绍小片,,,侯,TS,走,e,,
TL01,桐庐镇,太湖片-临绍小片,,,侯,TS,奏,e,,
TL01,桐庐镇,太湖片-临绍小片,,,侯,TS,凑,e,,
TL01,桐庐镇,太湖片-临绍小片,,,侯,TS,叟,e,,
TL01,桐庐镇,太湖片-临绍小片,,,侯,TS,嗽,e,,
TL01,桐庐镇,太湖片-临绍小片,,,侯,K,勾,e,,
TL01,桐庐镇,太湖片-临绍小片,,,侯,K,钩,e,,
TL01,桐庐镇,太湖片-临绍小片,,,侯,K,沟,e,,
TL01,桐庐镇,太湖片-临绍小片,,,侯,K,狗,e,,
TL01,桐庐镇,太湖片-临绍小片,,,侯,K,苟,e,,
TL01,桐庐镇,太湖片-临绍小片,,,侯,K,垢,e,,
TL01,桐庐镇,太湖片-临绍小片,,,侯,K,枸,,,
TL01,桐庐镇,太湖片-临绍小片,,,侯,K,彀,e,,
TL01,桐庐镇,太湖片-临绍小片,,,侯,K,够,e,,
TL01,桐庐镇,太湖片-临绍小片,,,侯,K,构,e,,
TL01,桐庐镇,太湖片-临绍小片,,,侯,K,购,e,,
TL01,桐庐镇,太湖片-临绍小片,,,侯,K,勾,e,,
TL01,桐庐镇,太湖片-临绍小片,,,侯,K,抠,e,,
TL01,桐庐镇,太湖片-临绍小片,,,侯,K,眍,,,
TL01,桐庐镇,太湖片-临绍小片,,,侯,K,口,e,,
TL01,桐庐镇,太湖片-临绍小片,,,侯,K,叩,e,文读,
TL01,桐庐镇,太湖片-临绍小片,,,侯,K,扣,e,,
TL01,桐庐镇,太湖片-临绍小片,,,侯,K,寇,e,,
TL01,桐庐镇,太湖片-临绍小片,,,侯,K,藕,e,,
TL01,桐庐镇,太湖片-临绍小片,,,侯,K,偶,e,,
TL01,桐庐镇,太湖片-临绍小片,,,侯,K,偶,e,,
TL01,桐庐镇,太湖片-临绍小片,,,侯,Ø,吼,,,
TL01,桐庐镇,太湖片-临绍小片,,,侯,Ø,侯,e,,
TL01,桐庐镇,太湖片-临绍小片,,,侯,Ø,喉,e,,
TL01,桐庐镇,太湖片-临绍小片,,,侯,Ø,猴,e,,
TL01,桐庐镇,太湖片-临绍小片,,,侯,Ø,瘊,,,
TL01,桐庐镇,太湖片-临绍小片,,,侯,Ø,後,e,,
TL01,桐庐镇,太湖片-临绍小片,,,侯,Ø,厚,e,,
TL01,桐庐镇,太湖片-临绍小片,,,侯,Ø,后,e,,
TL01,桐庐镇,太湖片-临绍小片,,,侯,Ø,候,e,,
TL01,桐庐镇,太湖片-临绍小片,,,侯,Ø,鲎,e,,
TL01,桐庐镇,太湖片-临绍小片,,,侯,Ø,欧,e,,
TL01,桐庐镇,太湖片-临绍小片,,,侯,Ø,瓯,e,,
TL01,桐庐镇,太湖片-临绍小片,,,侯,Ø,区,e,,
TL01,桐庐镇,太湖片-临绍小片,,,侯,Ø,鸥,,,
TL01,桐庐镇,太湖片-临绍小片,,,侯,Ø,呕,e,,
TL01,桐庐镇,太湖片-临绍小片,,,侯,Ø,殴,e,,
TL01,桐庐镇,太湖片-临绍小片,,,侯,Ø,沤,e,,
TL01,桐庐镇,太湖片-临绍小片,,,侯,Ø,怄,e,,
TL01,桐庐镇,太湖片-临绍小片,,,皆,P,拜,a,白读,
TL01,桐庐镇,太湖片-临绍小片,,,皆,P,排,a,,
TL01,桐庐镇,太湖片-临绍小片,,,皆,P,�,,,
TL01,桐庐镇,太湖片-临绍小片,,,皆,M,埋,a,,
TL01,桐庐镇,太湖片-临绍小片,,,皆,L,攋,,,
TL01,桐庐镇,太湖片-临绍小片,,,皆,TS*,䍉,,,
TL01,桐庐镇,太湖片-临绍小片,,,皆,TS*,箉,,,
TL01,桐庐镇,太湖片-临绍小片,,,皆,TS*,斋,a,,
TL01,桐庐镇,太湖片-临绍小片,,,皆,TS*,豺,a,,
TL01,桐庐镇,太湖片-临绍小片,,,皆,K,皆,iɛ,,
TL01,桐庐镇,太湖片-临绍小片,,,皆,K,阶,iɛ,,
TL01,桐庐镇,太湖片-临绍小片,,,皆,K,稭,,,
TL01,桐庐镇,太湖片-临绍小片,,,皆,K,偕,iɛ,,
TL01,桐庐镇,太湖片-临绍小片,,,皆,K,介,a,,
TL01,桐庐镇,太湖片-临绍小片,,,皆,K,界,a,,
TL01,桐庐镇,太湖片-临绍小片,,,皆,K,芥,a,,
TL01,桐庐镇,太湖片-临绍小片,,,皆,K,尬,a,,
TL01,桐庐镇,太湖片-临绍小片,,,皆,K,疥,a,,
TL01,桐庐镇,太湖片-临绍小片,,,皆,K,届,iɛ,,
TL01,桐庐镇,太湖片-临绍小片,,,皆,K,戒,a,,
TL01,桐庐镇,太湖片-临绍小片,,,皆,K,庎,,,
TL01,桐庐镇,太湖片-临绍小片,,,皆,K,揩,a,,
TL01,桐庐镇,太湖片-临绍小片,,,皆,K,楷,a,,
TL01,桐庐镇,太湖片-临绍小片,,,皆,Ø,谐,,,
TL01,桐庐镇,太湖片-临绍小片,,,皆,Ø,骇,,,
TL01,桐庐镇,太湖片-临绍小片,,,皆,Ø,械,iɛ,,
TL01,桐庐镇,太湖片-临绍小片,,,皆,Ø,挨,a,,
TL01,桐庐镇,太湖片-临绍小片,,,佳,P,摆,,,
TL01,桐庐镇,太湖片-临绍小片,,,佳,P,派,a,,
TL01,桐庐镇,太湖片-临绍小片,,,佳,P,牌,a,,
TL01,桐庐镇,太湖片-临绍小片,,,佳,P,簰,a,,
TL01,桐庐镇,太湖片-临绍小片,,,佳,P,罢,a,,
TL01,桐庐镇,太湖片-临绍小片,,,佳,P,稗,a/uo,文读/白读,
TL01,桐庐镇,太湖片-临绍小片,,,佳,M,买,a,,
TL01,桐庐镇,太湖片-临绍小片,,,佳,M,卖,a,,
TL01,桐庐镇,太湖片-临绍小片,,,佳,N,奶,a,白读牛～,
TL01,桐庐镇,太湖片-临绍小片,,,佳,TS*,债,a,,
TL01,桐庐镇,太湖片-临绍小片,,,佳,TS*,钗,,,
TL01,桐庐镇,太湖片-临绍小片,,,佳,TS*,差,a,出～,
TL01,桐庐镇,太湖片-临绍小片,,,佳,TS*,柴,a,,
TL01,桐庐镇,太湖片-临绍小片,,,佳,TS*,筛,,,
TL01,桐庐镇,太湖片-临绍小片,,,佳,TS*,洒,a,,
TL01,桐庐镇,太湖片-临绍小片,,,佳,TS*,晒,yo,,
TL01,桐庐镇,太湖片-临绍小片,,,佳,K,佳,,,
TL01,桐庐镇,太湖片-临绍小片,,,佳,K,街,a,,
TL01,桐庐镇,太湖片-临绍小片,,,佳,K,解,a,,
TL01,桐庐镇,太湖片-临绍小片,,,佳,K,懈,iɛ,,
TL01,桐庐镇,太湖片-临绍小片,,,佳,K,涯,ia,,
TL01,桐庐镇,太湖片-临绍小片,,,佳,K,崖,ia,,
TL01,桐庐镇,太湖片-临绍小片,,,佳,K,捱,a,,
TL01,桐庐镇,太湖片-临绍小片,,,佳,Ø,鞋,a,,
TL01,桐庐镇,太湖片-临绍小片,,,佳,Ø,解,a,,
TL01,桐庐镇,太湖片-临绍小片,,,佳,Ø,解,a,,
TL01,桐庐镇,太湖片-临绍小片,,,佳,Ø,蟹,a,,
TL01,桐庐镇,太湖片-临绍小片,,,佳,Ø,矮,a,,
TL01,桐庐镇,太湖片-临绍小片,,,佳,Ø,隘,,,