point_id,point_name,subbranch,lat,lon,韵,声组,汉字,读音,note,鄞县方言同音字汇
YX02, 鄞县中区,太湖片-甬江小片,,,歌,T,多,əu,,
YX02, 鄞县中区,太湖片-甬江小片,,,歌,T,拖,əu,,
YX02, 鄞县中区,太湖片-甬江小片,,,歌,T,他,,,
YX02, 鄞县中区,太湖片-甬江小片,,,歌,T,驼,əu,,
YX02, 鄞县中区,太湖片-甬江小片,,,歌,T,驮,əu,,
YX02, 鄞县中区,太湖片-甬江小片,,,歌,T,陀,,,
YX02, 鄞县中区,太湖片-甬江小片,,,歌,T,鸵,,,
YX02, 鄞县中区,太湖片-甬江小片,,,歌,T,沱,,,
YX02, 鄞县中区,太湖片-甬江小片,,,歌,T,舵,əu,,
YX02, 鄞县中区,太湖片-甬江小片,,,歌,T,大,a/əu,文读/白读,
YX02, 鄞县中区,太湖片-甬江小片,,,歌,T,驮,əu,,
YX02, 鄞县中区,太湖片-甬江小片,,,歌,N,挪,o,,
YX02, 鄞县中区,太湖片-甬江小片,,,歌,N,哪,,,
YX02, 鄞县中区,太湖片-甬江小片,,,歌,N,那,,,
YX02, 鄞县中区,太湖片-甬江小片,,,歌,L,罗,əu,,
YX02, 鄞县中区,太湖片-甬江小片,,,歌,L,锣,əu,,
YX02, 鄞县中区,太湖片-甬江小片,,,歌,L,箩,əu,,
YX02, 鄞县中区,太湖片-甬江小片,,,歌,L,萝,,,
YX02, 鄞县中区,太湖片-甬江小片,,,歌,L,逻,,,
YX02, 鄞县中区,太湖片-甬江小片,,,歌,TS,左,əu,,
YX02, 鄞县中区,太湖片-甬江小片,,,歌,TS,佐,əu,,
YX02, 鄞县中区,太湖片-甬江小片,,,歌,TS,搓,əu,,
YX02, 鄞县中区,太湖片-甬江小片,,,歌,TS,娑,,,
YX02, 鄞县中区,太湖片-甬江小片,,,歌,K,歌,əu,,
YX02, 鄞县中区,太湖片-甬江小片,,,歌,K,哥,əu,,
YX02, 鄞县中区,太湖片-甬江小片,,,歌,K,柯,əu,,
YX02, 鄞县中区,太湖片-甬江小片,,,歌,K,个,əu,,
YX02, 鄞县中区,太湖片-甬江小片,,,歌,K,轲,,,
YX02, 鄞县中区,太湖片-甬江小片,,,歌,K,可,əu,,
YX02, 鄞县中区,太湖片-甬江小片,,,歌,K,蛾,əu,,
YX02, 鄞县中区,太湖片-甬江小片,,,歌,K,鹅,əu,,
YX02, 鄞县中区,太湖片-甬江小片,,,歌,K,俄,əu,,
YX02, 鄞县中区,太湖片-甬江小片,,,歌,K,娥,,,
YX02, 鄞县中区,太湖片-甬江小片,,,歌,K,我,o,,
YX02, 鄞县中区,太湖片-甬江小片,,,歌,K,饿,əu,,
YX02, 鄞县中区,太湖片-甬江小片,,,歌,Ø,荷,əu,,
YX02, 鄞县中区,太湖片-甬江小片,,,歌,Ø,河,əu,,
YX02, 鄞县中区,太湖片-甬江小片,,,歌,Ø,何,əu,,
YX02, 鄞县中区,太湖片-甬江小片,,,歌,Ø,荷,əu,,
YX02, 鄞县中区,太湖片-甬江小片,,,歌,Ø,贺,əu,,
YX02, 鄞县中区,太湖片-甬江小片,,,歌,Ø,阿,əu,～胶,
YX02, 鄞县中区,太湖片-甬江小片,,,歌,Ø,屙,,,
YX02, 鄞县中区,太湖片-甬江小片,,,戈,K,茄,a,,
YX02, 鄞县中区,太湖片-甬江小片,,,戈,P,波,əu,,
YX02, 鄞县中区,太湖片-甬江小片,,,戈,P,菠,əu,,
YX02, 鄞县中区,太湖片-甬江小片,,,戈,P,跛,əu,,
YX02, 鄞县中区,太湖片-甬江小片,,,戈,P,簸,əu,,
YX02, 鄞县中区,太湖片-甬江小片,,,戈,P,簸,əu,,
YX02, 鄞县中区,太湖片-甬江小片,,,戈,P,播,,,
YX02, 鄞县中区,太湖片-甬江小片,,,戈,P,颇,əu,,
YX02, 鄞县中区,太湖片-甬江小片,,,戈,P,坡,əu,,
YX02, 鄞县中区,太湖片-甬江小片,,,戈,P,玻,əu,,
YX02, 鄞县中区,太湖片-甬江小片,,,戈,P,破,əu,,
YX02, 鄞县中区,太湖片-甬江小片,,,戈,P,婆,əu,,
YX02, 鄞县中区,太湖片-甬江小片,,,戈,P,薄,əu,,
YX02, 鄞县中区,太湖片-甬江小片,,,戈,M,魔,,,
YX02, 鄞县中区,太湖片-甬江小片,,,戈,M,磨,əu,,
YX02, 鄞县中区,太湖片-甬江小片,,,戈,M,摩,əu,,
YX02, 鄞县中区,太湖片-甬江小片,,,戈,M,馍,əu,,
YX02, 鄞县中区,太湖片-甬江小片,,,戈,M,蘑,,,
YX02, 鄞县中区,太湖片-甬江小片,,,戈,M,磨,əu,,
YX02, 鄞县中区,太湖片-甬江小片,,,戈,T,朵,o,,
YX02, 鄞县中区,太湖片-甬江小片,,,戈,T,躲,o,,
YX02, 鄞县中区,太湖片-甬江小片,,,戈,T,剁,o,,
YX02, 鄞县中区,太湖片-甬江小片,,,戈,T,妥,əu,,
YX02, 鄞县中区,太湖片-甬江小片,,,戈,T,椭,əu,,
YX02, 鄞县中区,太湖片-甬江小片,,,戈,T,唾,əu,,
YX02, 鄞县中区,太湖片-甬江小片,,,戈,T,砣,,,
YX02, 鄞县中区,太湖片-甬江小片,,,戈,T,惰,əu,,
YX02, 鄞县中区,太湖片-甬江小片,,,戈,T,垛,əu,,
YX02, 鄞县中区,太湖片-甬江小片,,,戈,T,堕,,,
YX02, 鄞县中区,太湖片-甬江小片,,,戈,N,挼,,,
YX02, 鄞县中区,太湖片-甬江小片,,,戈,N,糯,əu,,
YX02, 鄞县中区,太湖片-甬江小片,,,戈,N,懦,,,
YX02, 鄞县中区,太湖片-甬江小片,,,戈,L,骡,əu,,
YX02, 鄞县中区,太湖片-甬江小片,,,戈,L,螺,əu,,
YX02, 鄞县中区,太湖片-甬江小片,,,戈,L,脶,əu,,
YX02, 鄞县中区,太湖片-甬江小片,,,戈,L,啰,,,
YX02, 鄞县中区,太湖片-甬江小片,,,戈,L,裸,əu,,
YX02, 鄞县中区,太湖片-甬江小片,,,戈,L,瘰,əu,,
YX02, 鄞县中区,太湖片-甬江小片,,,戈,L,摞,,,
YX02, 鄞县中区,太湖片-甬江小片,,,戈,TS,锉,əu,,
YX02, 鄞县中区,太湖片-甬江小片,,,戈,TS,莝,,,
YX02, 鄞县中区,太湖片-甬江小片,,,戈,TS,矬,,,
YX02, 鄞县中区,太湖片-甬江小片,,,戈,TS,坐,əu,,
YX02, 鄞县中区,太湖片-甬江小片,,,戈,TS,座,əu,,
YX02, 鄞县中区,太湖片-甬江小片,,,戈,TS,蓑,əu,,
YX02, 鄞县中区,太湖片-甬江小片,,,戈,TS,梭,əu,,
YX02, 鄞县中区,太湖片-甬江小片,,,戈,TS,唆,,,
YX02, 鄞县中区,太湖片-甬江小片,,,戈,TS,莎,,,
YX02, 鄞县中区,太湖片-甬江小片,,,戈,TS,锁,əu,,
YX02, 鄞县中区,太湖片-甬江小片,,,戈,TS,琐,əu,,
YX02, 鄞县中区,太湖片-甬江小片,,,戈,TS,唢,,,
YX02, 鄞县中区,太湖片-甬江小片,,,戈,K,过,əu,,
YX02, 鄞县中区,太湖片-甬江小片,,,戈,K,锅,əu,,
YX02, 鄞县中区,太湖片-甬江小片,,,戈,K,戈,əu,,
YX02, 鄞县中区,太湖片-甬江小片,,,戈,K,果,əu,,
YX02, 鄞县中区,太湖片-甬江小片,,,戈,K,裹,əu,,
YX02, 鄞县中区,太湖片-甬江小片,,,戈,K,餜,əu,,
YX02, 鄞县中区,太湖片-甬江小片,,,戈,K,过,əu,,
YX02, 鄞县中区,太湖片-甬江小片,,,戈,K,科,əu,,
YX02, 鄞县中区,太湖片-甬江小片,,,戈,K,窠,əu,,
YX02, 鄞县中区,太湖片-甬江小片,,,戈,K,棵,əu,,
YX02, 鄞县中区,太湖片-甬江小片,,,戈,K,髁,,,
YX02, 鄞县中区,太湖片-甬江小片,,,戈,K,蝌,,,
YX02, 鄞县中区,太湖片-甬江小片,,,戈,K,颗,əu,,
YX02, 鄞县中区,太湖片-甬江小片,,,戈,K,课,əu,,
YX02, 鄞县中区,太湖片-甬江小片,,,戈,K,讹,əu,,
YX02, 鄞县中区,太湖片-甬江小片,,,戈,K,卧,əu,,
YX02, 鄞县中区,太湖片-甬江小片,,,戈,Ø,火,əu,,
YX02, 鄞县中区,太湖片-甬江小片,,,戈,Ø,伙,,,
YX02, 鄞县中区,太湖片-甬江小片,,,戈,Ø,货,əu,,
YX02, 鄞县中区,太湖片-甬江小片,,,戈,Ø,和,əu,,
YX02, 鄞县中区,太湖片-甬江小片,,,戈,Ø,禾,əu,,
YX02, 鄞县中区,太湖片-甬江小片,,,戈,Ø,祸,əu,,
YX02, 鄞县中区,太湖片-甬江小片,,,戈,Ø,夥,əu,,
YX02, 鄞县中区,太湖片-甬江小片,,,戈,Ø,和,əu,,
YX02, 鄞县中区,太湖片-甬江小片,,,戈,Ø,倭,əu,,
YX02, 鄞县中区,太湖片-甬江小片,,,戈,Ø,踒,əu,,
YX02, 鄞县中区,太湖片-甬江小片,,,戈,Ø,窝,əu,,
YX02, 鄞县中区,太湖片-甬江小片,,,戈,Ø,涡,,,
YX02, 鄞县中区,太湖片-甬江小片,,,戈,Ø,莴,,,
YX02, 鄞县中区,太湖片-甬江小片,,,戈,Ø,涴,,,
YX02, 鄞县中区,太湖片-甬江小片,,,戈,Ø,瘸,,,
YX02, 鄞县中区,太湖片-甬江小片,,,戈,Ø,靴,,,
YX02, 鄞县中区,太湖片-甬江小片,,,戈,Ø,�,,,
YX02, 鄞县中区,太湖片-甬江小片,,,麻,P,巴,o,,
YX02, 鄞县中区,太湖片-甬江小片,,,麻,P,芭,o,,
YX02, 鄞县中区,太湖片-甬江小片,,,麻,P,疤,o,,
YX02, 鄞县中区,太湖片-甬江小片,,,麻,P,笆,,,
YX02, 鄞县中区,太湖片-甬江小片,,,麻,P,吧,,,
YX02, 鄞县中区,太湖片-甬江小片,,,麻,P,把,o,,
YX02, 鄞县中区,太湖片-甬江小片,,,麻,P,靶,,,
YX02, 鄞县中区,太湖片-甬江小片,,,麻,P,霸,o,,
YX02, 鄞县中区,太湖片-甬江小片,,,麻,P,欛,,,
YX02, 鄞县中区,太湖片-甬江小片,,,麻,P,壩,o,,
YX02, 鄞县中区,太湖片-甬江小片,,,麻,P,坝,,,
YX02, 鄞县中区,太湖片-甬江小片,,,麻,P,爸,a,,
YX02, 鄞县中区,太湖片-甬江小片,,,麻,P,怕,o,,
YX02, 鄞县中区,太湖片-甬江小片,,,麻,P,帕,,,
YX02, 鄞县中区,太湖片-甬江小片,,,麻,P,爬,o,,
YX02, 鄞县中区,太湖片-甬江小片,,,麻,P,琶,o,,
YX02, 鄞县中区,太湖片-甬江小片,,,麻,P,杷,o,,
YX02, 鄞县中区,太湖片-甬江小片,,,麻,P,钯,,,
YX02, 鄞县中区,太湖片-甬江小片,,,麻,P,耙,o,,
YX02, 鄞县中区,太湖片-甬江小片,,,麻,M,麻,o,,
YX02, 鄞县中区,太湖片-甬江小片,,,麻,M,痲,o,,
YX02, 鄞县中区,太湖片-甬江小片,,,麻,M,蟆,o,,
YX02, 鄞县中区,太湖片-甬江小片,,,麻,M,妈,a,,
YX02, 鄞县中区,太湖片-甬江小片,,,麻,M,马,o,,
YX02, 鄞县中区,太湖片-甬江小片,,,麻,M,码,o,,
YX02, 鄞县中区,太湖片-甬江小片,,,麻,M,玛,,,
YX02, 鄞县中区,太湖片-甬江小片,,,麻,M,蚂,,,
YX02, 鄞县中区,太湖片-甬江小片,,,麻,M,骂,o,,
YX02, 鄞县中区,太湖片-甬江小片,,,麻,N,拿,,,
YX02, 鄞县中区,太湖片-甬江小片,,,麻,TS,茶,o,,
YX02, 鄞县中区,太湖片-甬江小片,,,麻,TS,搽,o,,
YX02, 鄞县中区,太湖片-甬江小片,,,麻,TS,䖳,,,
YX02, 鄞县中区,太湖片-甬江小片,,,麻,TS*,楂,o,,
YX02, 鄞县中区,太湖片-甬江小片,,,麻,TS*,渣,o,,
YX02, 鄞县中区,太湖片-甬江小片,,,麻,TS*,诈,o,,
YX02, 鄞县中区,太湖片-甬江小片,,,麻,TS*,榨,o,,
YX02, 鄞县中区,太湖片-甬江小片,,,麻,TS*,炸,o,,
YX02, 鄞县中区,太湖片-甬江小片,,,麻,TS*,叉,o,,
YX02, 鄞县中区,太湖片-甬江小片,,,麻,TS*,杈,o,,
YX02, 鄞县中区,太湖片-甬江小片,,,麻,TS*,差,a,,
YX02, 鄞县中区,太湖片-甬江小片,,,麻,TS*,岔,o,,
YX02, 鄞县中区,太湖片-甬江小片,,,麻,TS*,差,a,,
YX02, 鄞县中区,太湖片-甬江小片,,,麻,TS*,茬,o,,
YX02, 鄞县中区,太湖片-甬江小片,,,麻,TS*,查,o,,
YX02, 鄞县中区,太湖片-甬江小片,,,麻,TS*,乍,o,,
YX02, 鄞县中区,太湖片-甬江小片,,,麻,TS*,沙,o,,
YX02, 鄞县中区,太湖片-甬江小片,,,麻,TS*,纱,o,,
YX02, 鄞县中区,太湖片-甬江小片,,,麻,TS*,痧,,,
YX02, 鄞县中区,太湖片-甬江小片,,,麻,TS*,砂,,,
YX02, 鄞县中区,太湖片-甬江小片,,,麻,TS*,鲨,,,
YX02, 鄞县中区,太湖片-甬江小片,,,麻,TS*,裟,,,
YX02, 鄞县中区,太湖片-甬江小片,,,麻,TS*,洒,a,,
YX02, 鄞县中区,太湖片-甬江小片,,,麻,TS*,厦,,,
YX02, 鄞县中区,太湖片-甬江小片,,,麻,K,家,o,,
YX02, 鄞县中区,太湖片-甬江小片,,,麻,K,傢,o,,
YX02, 鄞县中区,太湖片-甬江小片,,,麻,K,加,o,,
YX02, 鄞县中区,太湖片-甬江小片,,,麻,K,痂,,,
YX02, 鄞县中区,太湖片-甬江小片,,,麻,K,嘉,o,,
YX02, 鄞县中区,太湖片-甬江小片,,,麻,K,枷,,,
YX02, 鄞县中区,太湖片-甬江小片,,,麻,K,袈,,,
YX02, 鄞县中区,太湖片-甬江小片,,,麻,K,假,o,,
YX02, 鄞县中区,太湖片-甬江小片,,,麻,K,贾,o,,
YX02, 鄞县中区,太湖片-甬江小片,,,麻,K,假,o,,
YX02, 鄞县中区,太湖片-甬江小片,,,麻,K,架,o,,
YX02, 鄞县中区,太湖片-甬江小片,,,麻,K,驾,,,
YX02, 鄞县中区,太湖片-甬江小片,,,麻,K,嫁,o,,
YX02, 鄞县中区,太湖片-甬江小片,,,麻,K,稼,,,
YX02, 鄞县中区,太湖片-甬江小片,,,麻,K,价,o,,
YX02, 鄞县中区,太湖片-甬江小片,,,麻,K,揢,o,,
YX02, 鄞县中区,太湖片-甬江小片,,,麻,K,牙,o,,
YX02, 鄞县中区,太湖片-甬江小片,,,麻,K,芽,o,,
YX02, 鄞县中区,太湖片-甬江小片,,,麻,K,衙,o,,
YX02, 鄞县中区,太湖片-甬江小片,,,麻,K,伢,o,,
YX02, 鄞县中区,太湖片-甬江小片,,,麻,K,蚜,,,
YX02, 鄞县中区,太湖片-甬江小片,,,麻,K,雅,ia,,
YX02, 鄞县中区,太湖片-甬江小片,,,麻,K,砑,o,,
YX02, 鄞县中区,太湖片-甬江小片,,,麻,Ø,虾,o,,
YX02, 鄞县中区,太湖片-甬江小片,,,麻,Ø,�,,,
YX02, 鄞县中区,太湖片-甬江小片,,,麻,Ø,嚇,,,
YX02, 鄞县中区,太湖片-甬江小片,,,麻,Ø,霞,,,
YX02, 鄞县中区,太湖片-甬江小片,,,麻,Ø,瑕,,,
YX02, 鄞县中区,太湖片-甬江小片,,,麻,Ø,遐,,,
YX02, 鄞县中区,太湖片-甬江小片,,,麻,Ø,蝦,,,
YX02, 鄞县中区,太湖片-甬江小片,,,麻,Ø,下,o,,
YX02, 鄞县中区,太湖片-甬江小片,,,麻,Ø,夏,o,,
YX02, 鄞县中区,太湖片-甬江小片,,,麻,Ø,厦,o,,
YX02, 鄞县中区,太湖片-甬江小片,,,麻,Ø,下,o,,
YX02, 鄞县中区,太湖片-甬江小片,,,麻,Ø,夏,o,,
YX02, 鄞县中区,太湖片-甬江小片,,,麻,Ø,暇,,,
YX02, 鄞县中区,太湖片-甬江小片,,,麻,Ø,鸦,,,
YX02, 鄞县中区,太湖片-甬江小片,,,麻,Ø,丫,o,,
YX02, 鄞县中区,太湖片-甬江小片,,,麻,Ø,桠,o,,
YX02, 鄞县中区,太湖片-甬江小片,,,麻,Ø,哑,o,,
YX02, 鄞县中区,太湖片-甬江小片,,,麻,Ø,亚,ia/o,,
YX02, 鄞县中区,太湖片-甬江小片,,,模,P,补,u,,
YX02, 鄞县中区,太湖片-甬江小片,,,模,P,谱,u,,
YX02, 鄞县中区,太湖片-甬江小片,,,模,P,哺,,,
YX02, 鄞县中区,太湖片-甬江小片,,,模,P,布,u,,
YX02, 鄞县中区,太湖片-甬江小片,,,模,P,佈,u,,
YX02, 鄞县中区,太湖片-甬江小片,,,模,P,铺,u,,
YX02, 鄞县中区,太湖片-甬江小片,,,模,P,潽,,,
YX02, 鄞县中区,太湖片-甬江小片,,,模,P,普,u,,
YX02, 鄞县中区,太湖片-甬江小片,,,模,P,浦,u,,
YX02, 鄞县中区,太湖片-甬江小片,,,模,P,铺,u,,
YX02, 鄞县中区,太湖片-甬江小片,,,模,P,怖,u,,
YX02, 鄞县中区,太湖片-甬江小片,,,模,P,蒲,u,,
YX02, 鄞县中区,太湖片-甬江小片,,,模,P,菩,u,,
YX02, 鄞县中区,太湖片-甬江小片,,,模,P,脯,u,,
YX02, 鄞县中区,太湖片-甬江小片,,,模,P,葡,,,
YX02, 鄞县中区,太湖片-甬江小片,,,模,P,莆,,,
YX02, 鄞县中区,太湖片-甬江小片,,,模,P,部,u,,
YX02, 鄞县中区,太湖片-甬江小片,,,模,P,簿,u,,
YX02, 鄞县中区,太湖片-甬江小片,,,模,P,篰,,,
YX02, 鄞县中区,太湖片-甬江小片,,,模,P,步,u,,
YX02, 鄞县中区,太湖片-甬江小片,,,模,P,捕,u,,
YX02, 鄞县中区,太湖片-甬江小片,,,模,P,埠,u,,
YX02, 鄞县中区,太湖片-甬江小片,,,模,M,模,u/əu,,
YX02, 鄞县中区,太湖片-甬江小片,,,模,M,模,u/əu,,
YX02, 鄞县中区,太湖片-甬江小片,,,模,M,摹,əu,,
YX02, 鄞县中区,太湖片-甬江小片,,,模,M,姥,,,
YX02, 鄞县中区,太湖片-甬江小片,,,模,M,暮,əu,,
YX02, 鄞县中区,太湖片-甬江小片,,,模,M,慕,əu,,
YX02, 鄞县中区,太湖片-甬江小片,,,模,M,墓,əu,,
YX02, 鄞县中区,太湖片-甬江小片,,,模,M,募,əu,,
YX02, 鄞县中区,太湖片-甬江小片,,,模,M,睦,,,
YX02, 鄞县中区,太湖片-甬江小片,,,模,T,都,u,,
YX02, 鄞县中区,太湖片-甬江小片,,,模,T,都,u,,
YX02, 鄞县中区,太湖片-甬江小片,,,模,T,赌,u,,
YX02, 鄞县中区,太湖片-甬江小片,,,模,T,堵,u,,
YX02, 鄞县中区,太湖片-甬江小片,,,模,T,肚,u,,
YX02, 鄞县中区,太湖片-甬江小片,,,模,T,睹,,,
YX02, 鄞县中区,太湖片-甬江小片,,,模,T,妒,u,,
YX02, 鄞县中区,太湖片-甬江小片,,,模,T,土,u,,
YX02, 鄞县中区,太湖片-甬江小片,,,模,T,吐,u,,
YX02, 鄞县中区,太湖片-甬江小片,,,模,T,吐,u,,
YX02, 鄞县中区,太湖片-甬江小片,,,模,T,兔,u,,
YX02, 鄞县中区,太湖片-甬江小片,,,模,T,徒,u,,
YX02, 鄞县中区,太湖片-甬江小片,,,模,T,屠,u,,
YX02, 鄞县中区,太湖片-甬江小片,,,模,T,途,u,,
YX02, 鄞县中区,太湖片-甬江小片,,,模,T,涂,u,,
YX02, 鄞县中区,太湖片-甬江小片,,,模,T,图,u,,
YX02, 鄞县中区,太湖片-甬江小片,,,模,T,杜,u,,
YX02, 鄞县中区,太湖片-甬江小片,,,模,T,肚,u,,
YX02, 鄞县中区,太湖片-甬江小片,,,模,T,度,u,,
YX02, 鄞县中区,太湖片-甬江小片,,,模,T,渡,u,,
YX02, 鄞县中区,太湖片-甬江小片,,,模,T,镀,u,,
YX02, 鄞县中区,太湖片-甬江小片,,,模,N,奴,u,,
YX02, 鄞县中区,太湖片-甬江小片,,,模,N,努,u,,
YX02, 鄞县中区,太湖片-甬江小片,,,模,N,怒,u,,
YX02, 鄞县中区,太湖片-甬江小片,,,模,L,卢,u,,
YX02, 鄞县中区,太湖片-甬江小片,,,模,L,炉,u,,
YX02, 鄞县中区,太湖片-甬江小片,,,模,L,芦,u,,
YX02, 鄞县中区,太湖片-甬江小片,,,模,L,鸬,u,,
YX02, 鄞县中区,太湖片-甬江小片,,,模,L,颅,,,
YX02, 鄞县中区,太湖片-甬江小片,,,模,L,鲈,,,
YX02, 鄞县中区,太湖片-甬江小片,,,模,L,鲁,u,,
YX02, 鄞县中区,太湖片-甬江小片,,,模,L,橹,u,,
YX02, 鄞县中区,太湖片-甬江小片,,,模,L,虏,əu,,
YX02, 鄞县中区,太湖片-甬江小片,,,模,L,卤,u,,
YX02, 鄞县中区,太湖片-甬江小片,,,模,L,路,u,,
YX02, 鄞县中区,太湖片-甬江小片,,,模,L,赂,u,,
YX02, 鄞县中区,太湖片-甬江小片,,,模,L,露,u,,
YX02, 鄞县中区,太湖片-甬江小片,,,模,L,鹭,u,,
YX02, 鄞县中区,太湖片-甬江小片,,,模,TS,租,u,,
YX02, 鄞县中区,太湖片-甬江小片,,,模,TS,祖,u,,
YX02, 鄞县中区,太湖片-甬江小片,,,模,TS,组,u,,
YX02, 鄞县中区,太湖片-甬江小片,,,模,TS,做,əu,,
YX02, 鄞县中区,太湖片-甬江小片,,,模,TS,粗,u,,
YX02, 鄞县中区,太湖片-甬江小片,,,模,TS,醋,u,,
YX02, 鄞县中区,太湖片-甬江小片,,,模,TS,措,u,,
YX02, 鄞县中区,太湖片-甬江小片,,,模,TS,错,əu,,
YX02, 鄞县中区,太湖片-甬江小片,,,模,TS,苏,u,,
YX02, 鄞县中区,太湖片-甬江小片,,,模,TS,酥,u,,
YX02, 鄞县中区,太湖片-甬江小片,,,模,TS,素,u,,
YX02, 鄞县中区,太湖片-甬江小片,,,模,TS,诉,u,,
YX02, 鄞县中区,太湖片-甬江小片,,,模,TS,塑,u,,
YX02, 鄞县中区,太湖片-甬江小片,,,模,TS,嗉,,,
YX02, 鄞县中区,太湖片-甬江小片,,,模,K,姑,u,,
YX02, 鄞县中区,太湖片-甬江小片,,,模,K,孤,u,,
YX02, 鄞县中区,太湖片-甬江小片,,,模,K,箍,u,,
YX02, 鄞县中区,太湖片-甬江小片,,,模,K,辜,,,
YX02, 鄞县中区,太湖片-甬江小片,,,模,K,菇,,,
YX02, 鄞县中区,太湖片-甬江小片,,,模,K,鸪,,,
YX02, 鄞县中区,太湖片-甬江小片,,,模,K,蛄,,,
YX02, 鄞县中区,太湖片-甬江小片,,,模,K,古,u,,
YX02, 鄞县中区,太湖片-甬江小片,,,模,K,估,u,,
YX02, 鄞县中区,太湖片-甬江小片,,,模,K,盬,,,
YX02, 鄞县中区,太湖片-甬江小片,,,模,K,牯,,,
YX02, 鄞县中区,太湖片-甬江小片,,,模,K,股,u,,
YX02, 鄞县中区,太湖片-甬江小片,,,模,K,鼓,u,,
YX02, 鄞县中区,太湖片-甬江小片,,,模,K,蛊,,,
YX02, 鄞县中区,太湖片-甬江小片,,,模,K,故,u,,
YX02, 鄞县中区,太湖片-甬江小片,,,模,K,固,u,,
YX02, 鄞县中区,太湖片-甬江小片,,,模,K,锢,,,
YX02, 鄞县中区,太湖片-甬江小片,,,模,K,雇,u,,
YX02, 鄞县中区,太湖片-甬江小片,,,模,K,顾,u,,
YX02, 鄞县中区,太湖片-甬江小片,,,模,K,枯,u,,
YX02, 鄞县中区,太湖片-甬江小片,,,模,K,苦,u,,
YX02, 鄞县中区,太湖片-甬江小片,,,模,K,库,u,,
YX02, 鄞县中区,太湖片-甬江小片,,,模,K,裤,u,,
YX02, 鄞县中区,太湖片-甬江小片,,,模,K,吴,,,
YX02, 鄞县中区,太湖片-甬江小片,,,模,K,蜈,u,,
YX02, 鄞县中区,太湖片-甬江小片,,,模,K,吾,u,,
YX02, 鄞县中区,太湖片-甬江小片,,,模,K,梧,u,,
YX02, 鄞县中区,太湖片-甬江小片,,,模,K,五,,,
YX02, 鄞县中区,太湖片-甬江小片,,,模,K,伍,u,,
YX02, 鄞县中区,太湖片-甬江小片,,,模,K,午,u,,
YX02, 鄞县中区,太湖片-甬江小片,,,模,K,忤,,,
YX02, 鄞县中区,太湖片-甬江小片,,,模,K,误,u,,
YX02, 鄞县中区,太湖片-甬江小片,,,模,K,悟,u,,
YX02, 鄞县中区,太湖片-甬江小片,,,模,Ø,呼,u,,
YX02, 鄞县中区,太湖片-甬江小片,,,模,Ø,虎,u,,
YX02, 鄞县中区,太湖片-甬江小片,,,模,Ø,浒,u,,
YX02, 鄞县中区,太湖片-甬江小片,,,模,Ø,琥,,,
YX02, 鄞县中区,太湖片-甬江小片,,,模,Ø,戽,u,,
YX02, 鄞县中区,太湖片-甬江小片,,,模,Ø,胡,u,,
YX02, 鄞县中区,太湖片-甬江小片,,,模,Ø,湖,u,,
YX02, 鄞县中区,太湖片-甬江小片,,,模,Ø,狐,u,,
YX02, 鄞县中区,太湖片-甬江小片,,,模,Ø,壶,u,,
YX02, 鄞县中区,太湖片-甬江小片,,,模,Ø,乎,,,
YX02, 鄞县中区,太湖片-甬江小片,,,模,Ø,瓠,u,,
YX02, 鄞县中区,太湖片-甬江小片,,,模,Ø,鬍,u,,
YX02, 鄞县中区,太湖片-甬江小片,,,模,Ø,糊,,,
YX02, 鄞县中区,太湖片-甬江小片,,,模,Ø,蝴,,,
YX02, 鄞县中区,太湖片-甬江小片,,,模,Ø,瑚,,,
YX02, 鄞县中区,太湖片-甬江小片,,,模,Ø,户,u,,
YX02, 鄞县中区,太湖片-甬江小片,,,模,Ø,沪,u,,
YX02, 鄞县中区,太湖片-甬江小片,,,模,Ø,互,u,,
YX02, 鄞县中区,太湖片-甬江小片,,,模,Ø,护,u,,
YX02, 鄞县中区,太湖片-甬江小片,,,模,Ø,瓠,u,,
YX02, 鄞县中区,太湖片-甬江小片,,,模,Ø,糊,,,
YX02, 鄞县中区,太湖片-甬江小片,,,模,Ø,乌,u,,
YX02, 鄞县中区,太湖片-甬江小片,,,模,Ø,污,u,,
YX02, 鄞县中区,太湖片-甬江小片,,,模,Ø,坞,u,,
YX02, 鄞县中区,太湖片-甬江小片,,,模,Ø,恶,u,,
YX02, 鄞县中区,太湖片-甬江小片,,,豪,P,褒,ɔ,,
YX02, 鄞县中区,太湖片-甬江小片,,,豪,P,保,ɔ,,
YX02, 鄞县中区,太湖片-甬江小片,,,豪,P,堡,ɔ,,
YX02, 鄞县中区,太湖片-甬江小片,,,豪,P,宝,ɔ,,
YX02, 鄞县中区,太湖片-甬江小片,,,豪,P,报,ɔ,,
YX02, 鄞县中区,太湖片-甬江小片,,,豪,P,袍,ɔ,,
YX02, 鄞县中区,太湖片-甬江小片,,,豪,P,抱,ɔ,,
YX02, 鄞县中区,太湖片-甬江小片,,,豪,P,暴,ɔ,,
YX02, 鄞县中区,太湖片-甬江小片,,,豪,P,菢,,,
YX02, 鄞县中区,太湖片-甬江小片,,,豪,M,毛,ɔ,,
YX02, 鄞县中区,太湖片-甬江小片,,,豪,M,冒,ɔ,,
YX02, 鄞县中区,太湖片-甬江小片,,,豪,M,帽,ɔ,,
YX02, 鄞县中区,太湖片-甬江小片,,,豪,M,瑁,,,
YX02, 鄞县中区,太湖片-甬江小片,,,豪,T,刀,ɔ,,
YX02, 鄞县中区,太湖片-甬江小片,,,豪,T,叨,ɔ,,
YX02, 鄞县中区,太湖片-甬江小片,,,豪,T,祷,ɔ,,
YX02, 鄞县中区,太湖片-甬江小片,,,豪,T,岛,ɔ,,
YX02, 鄞县中区,太湖片-甬江小片,,,豪,T,倒,ɔ,,
YX02, 鄞县中区,太湖片-甬江小片,,,豪,T,捣,,,
YX02, 鄞县中区,太湖片-甬江小片,,,豪,T,到,ɔ,,
YX02, 鄞县中区,太湖片-甬江小片,,,豪,T,倒,ɔ,,
YX02, 鄞县中区,太湖片-甬江小片,,,豪,T,滔,ɔ,,
YX02, 鄞县中区,太湖片-甬江小片,,,豪,T,掏,ɔ,,
YX02, 鄞县中区,太湖片-甬江小片,,,豪,T,讨,ɔ,,
YX02, 鄞县中区,太湖片-甬江小片,,,豪,T,套,ɔ,,
YX02, 鄞县中区,太湖片-甬江小片,,,豪,T,桃,ɔ,,
YX02, 鄞县中区,太湖片-甬江小片,,,豪,T,逃,ɔ,,
YX02, 鄞县中区,太湖片-甬江小片,,,豪,T,淘,ɔ,,
YX02, 鄞县中区,太湖片-甬江小片,,,豪,T,陶,ɔ,,
YX02, 鄞县中区,太湖片-甬江小片,,,豪,T,萄,ɔ,,
YX02, 鄞县中区,太湖片-甬江小片,,,豪,T,涛,ɔ,,
YX02, 鄞县中区,太湖片-甬江小片,,,豪,T,道,ɔ,,
YX02, 鄞县中区,太湖片-甬江小片,,,豪,T,稻,ɔ,,
YX02, 鄞县中区,太湖片-甬江小片,,,豪,T,盗,ɔ,,
YX02, 鄞县中区,太湖片-甬江小片,,,豪,T,导,ɔ,,
YX02, 鄞县中区,太湖片-甬江小片,,,豪,T,蹈,,,
YX02, 鄞县中区,太湖片-甬江小片,,,豪,N,脑,ɔ,,
YX02, 鄞县中区,太湖片-甬江小片,,,豪,N,恼,ɔ,,
YX02, 鄞县中区,太湖片-甬江小片,,,豪,L,劳,ɔ,,
YX02, 鄞县中区,太湖片-甬江小片,,,豪,L,捞,ɔ,,
YX02, 鄞县中区,太湖片-甬江小片,,,豪,L,唠,ɔ,,
YX02, 鄞县中区,太湖片-甬江小片,,,豪,L,牢,ɔ,,
YX02, 鄞县中区,太湖片-甬江小片,,,豪,L,痨,,,
YX02, 鄞县中区,太湖片-甬江小片,,,豪,L,老,ɔ,,
YX02, 鄞县中区,太湖片-甬江小片,,,豪,L,佬,,,
YX02, 鄞县中区,太湖片-甬江小片,,,豪,L,涝,ɔ,,
YX02, 鄞县中区,太湖片-甬江小片,,,豪,TS,遭,,,
YX02, 鄞县中区,太湖片-甬江小片,,,豪,TS,糟,ɔ,,
YX02, 鄞县中区,太湖片-甬江小片,,,豪,TS,早,ɔ,,
YX02, 鄞县中区,太湖片-甬江小片,,,豪,TS,枣,ɔ,,
YX02, 鄞县中区,太湖片-甬江小片,,,豪,TS,蚤,,,
YX02, 鄞县中区,太湖片-甬江小片,,,豪,TS,澡,,,
YX02, 鄞县中区,太湖片-甬江小片,,,豪,TS,藻,,,
YX02, 鄞县中区,太湖片-甬江小片,,,豪,TS,躁,,,
YX02, 鄞县中区,太湖片-甬江小片,,,豪,TS,灶,ɔ,,
YX02, 鄞县中区,太湖片-甬江小片,,,豪,TS,操,ɔ,,
YX02, 鄞县中区,太湖片-甬江小片,,,豪,TS,草,ɔ,,
YX02, 鄞县中区,太湖片-甬江小片,,,豪,TS,騲,,,
YX02, 鄞县中区,太湖片-甬江小片,,,豪,TS,糙,ɔ,,
YX02, 鄞县中区,太湖片-甬江小片,,,豪,TS,曹,ɔ,,
YX02, 鄞县中区,太湖片-甬江小片,,,豪,TS,槽,ɔ,,
YX02, 鄞县中区,太湖片-甬江小片,,,豪,TS,皂,ɔ,,
YX02, 鄞县中区,太湖片-甬江小片,,,豪,TS,造,ɔ,,
YX02, 鄞县中区,太湖片-甬江小片,,,豪,TS,骚,ɔ,,
YX02, 鄞县中区,太湖片-甬江小片,,,豪,TS,臊,ɔ,,
YX02, 鄞县中区,太湖片-甬江小片,,,豪,TS,扫,ɔ,,
YX02, 鄞县中区,太湖片-甬江小片,,,豪,TS,嫂,ɔ,,
YX02, 鄞县中区,太湖片-甬江小片,,,豪,TS,扫,ɔ,,
YX02, 鄞县中区,太湖片-甬江小片,,,豪,TS,燥,,,
YX02, 鄞县中区,太湖片-甬江小片,,,豪,K,高,ɔ,,
YX02, 鄞县中区,太湖片-甬江小片,,,豪,K,膏,ɔ,,
YX02, 鄞县中区,太湖片-甬江小片,,,豪,K,篙,ɔ,,
YX02, 鄞县中区,太湖片-甬江小片,,,豪,K,羔,ɔ,,
YX02, 鄞县中区,太湖片-甬江小片,,,豪,K,糕,ɔ,,
YX02, 鄞县中区,太湖片-甬江小片,,,豪,K,稿,ɔ,,
YX02, 鄞县中区,太湖片-甬江小片,,,豪,K,告,ɔ,,
YX02, 鄞县中区,太湖片-甬江小片,,,豪,K,膏,ɔ,,
YX02, 鄞县中区,太湖片-甬江小片,,,豪,K,考,ɔ,,
YX02, 鄞县中区,太湖片-甬江小片,,,豪,K,烤,ɔ,,
YX02, 鄞县中区,太湖片-甬江小片,,,豪,K,拷,,,
YX02, 鄞县中区,太湖片-甬江小片,,,豪,K,靠,ɔ,,
YX02, 鄞县中区,太湖片-甬江小片,,,豪,K,犒,ɔ,,
YX02, 鄞县中区,太湖片-甬江小片,,,豪,K,铐,,,
YX02, 鄞县中区,太湖片-甬江小片,,,豪,K,㸆,,,
YX02, 鄞县中区,太湖片-甬江小片,,,豪,K,熬,ɔ,,
YX02, 鄞县中区,太湖片-甬江小片,,,豪,K,敖,,,
YX02, 鄞县中区,太湖片-甬江小片,,,豪,K,鳌,,,
YX02, 鄞县中区,太湖片-甬江小片,,,豪,K,傲,ɔ,,
YX02, 鄞县中区,太湖片-甬江小片,,,豪,K,鏊,,,
YX02, 鄞县中区,太湖片-甬江小片,,,豪,Ø,蒿,ɔ,,
YX02, 鄞县中区,太湖片-甬江小片,,,豪,Ø,薅,,,
YX02, 鄞县中区,太湖片-甬江小片,,,豪,Ø,好,ɔ,,
YX02, 鄞县中区,太湖片-甬江小片,,,豪,Ø,好,ɔ,,
YX02, 鄞县中区,太湖片-甬江小片,,,豪,Ø,耗,ɔ,,
YX02, 鄞县中区,太湖片-甬江小片,,,豪,Ø,豪,ɔ,,
YX02, 鄞县中区,太湖片-甬江小片,,,豪,Ø,壕,ɔ,,
YX02, 鄞县中区,太湖片-甬江小片,,,豪,Ø,毫,ɔ,,
YX02, 鄞县中区,太湖片-甬江小片,,,豪,Ø,号,ɔ,,
YX02, 鄞县中区,太湖片-甬江小片,,,豪,Ø,蠔,,,
YX02, 鄞县中区,太湖片-甬江小片,,,豪,Ø,浩,ɔ,,
YX02, 鄞县中区,太湖片-甬江小片,,,豪,Ø,号,ɔ,,
YX02, 鄞县中区,太湖片-甬江小片,,,豪,Ø,爊,,,
YX02, 鄞县中区,太湖片-甬江小片,,,豪,Ø,袄,ɔ,,
YX02, 鄞县中区,太湖片-甬江小片,,,豪,Ø,懊,ɔ,,
YX02, 鄞县中区,太湖片-甬江小片,,,豪,Ø,奥,ɔ,,
YX02, 鄞县中区,太湖片-甬江小片,,,豪,Ø,懊,ɔ,,
YX02, 鄞县中区,太湖片-甬江小片,,,豪,Ø,澳,,,
YX02, 鄞县中区,太湖片-甬江小片,,,侯,P,剖,əu,,
YX02, 鄞县中区,太湖片-甬江小片,,,侯,M,某,əu,,
YX02, 鄞县中区,太湖片-甬江小片,,,侯,M,亩,œʏ,文读,
YX02, 鄞县中区,太湖片-甬江小片,,,侯,M,牡,œʏ,,
YX02, 鄞县中区,太湖片-甬江小片,,,侯,M,母,œʏ,,
YX02, 鄞县中区,太湖片-甬江小片,,,侯,M,拇,œʏ,,
YX02, 鄞县中区,太湖片-甬江小片,,,侯,M,戊,œʏ,,
YX02, 鄞县中区,太湖片-甬江小片,,,侯,M,茂,œʏ,,
YX02, 鄞县中区,太湖片-甬江小片,,,侯,M,贸,œʏ,,
YX02, 鄞县中区,太湖片-甬江小片,,,侯,T,兜,œʏ,,
YX02, 鄞县中区,太湖片-甬江小片,,,侯,T,斗,œʏ,,
YX02, 鄞县中区,太湖片-甬江小片,,,侯,T,抖,œʏ,,
YX02, 鄞县中区,太湖片-甬江小片,,,侯,T,陡,œʏ,,
YX02, 鄞县中区,太湖片-甬江小片,,,侯,T,蚪,,,
YX02, 鄞县中区,太湖片-甬江小片,,,侯,T,斗,œʏ,,
YX02, 鄞县中区,太湖片-甬江小片,,,侯,T,偷,œʏ,,
YX02, 鄞县中区,太湖片-甬江小片,,,侯,T,敨,œʏ,,
YX02, 鄞县中区,太湖片-甬江小片,,,侯,T,透,œʏ,,
YX02, 鄞县中区,太湖片-甬江小片,,,侯,T,头,œʏ,,
YX02, 鄞县中区,太湖片-甬江小片,,,侯,T,投,œʏ,,
YX02, 鄞县中区,太湖片-甬江小片,,,侯,T,骰,,,
YX02, 鄞县中区,太湖片-甬江小片,,,侯,T,豆,,,
YX02, 鄞县中区,太湖片-甬江小片,,,侯,T,逗,,,
YX02, 鄞县中区,太湖片-甬江小片,,,侯,T,痘,,,
YX02, 鄞县中区,太湖片-甬江小片,,,侯,T,脰,,,
YX02, 鄞县中区,太湖片-甬江小片,,,侯,L,楼,œʏ,,
YX02, 鄞县中区,太湖片-甬江小片,,,侯,L,搂,œʏ,,
YX02, 鄞县中区,太湖片-甬江小片,,,侯,L,耧,œʏ,,
YX02, 鄞县中区,太湖片-甬江小片,,,侯,L,娄,œʏ,,
YX02, 鄞县中区,太湖片-甬江小片,,,侯,L,搂,œʏ,,
YX02, 鄞县中区,太湖片-甬江小片,,,侯,L,篓,œʏ,,
YX02, 鄞县中区,太湖片-甬江小片,,,侯,L,溇,,,
YX02, 鄞县中区,太湖片-甬江小片,,,侯,L,漏,œʏ,,
YX02, 鄞县中区,太湖片-甬江小片,,,侯,L,陋,œʏ,,
YX02, 鄞县中区,太湖片-甬江小片,,,侯,TS,走,œʏ,,
YX02, 鄞县中区,太湖片-甬江小片,,,侯,TS,奏,œʏ,,
YX02, 鄞县中区,太湖片-甬江小片,,,侯,TS,凑,œʏ,,
YX02, 鄞县中区,太湖片-甬江小片,,,侯,TS,叟,œʏ,,
YX02, 鄞县中区,太湖片-甬江小片,,,侯,TS,嗽,œʏ,,
YX02, 鄞县中区,太湖片-甬江小片,,,侯,K,勾,œʏ,,
YX02, 鄞县中区,太湖片-甬江小片,,,侯,K,钩,œʏ,,
YX02, 鄞县中区,太湖片-甬江小片,,,侯,K,沟,œʏ,,
YX02, 鄞县中区,太湖片-甬江小片,,,侯,K,狗,œʏ,,
YX02, 鄞县中区,太湖片-甬江小片,,,侯,K,苟,œʏ,,
YX02, 鄞县中区,太湖片-甬江小片,,,侯,K,垢,,,
YX02, 鄞县中区,太湖片-甬江小片,,,侯,K,枸,,,
YX02, 鄞县中区,太湖片-甬江小片,,,侯,K,彀,,,
YX02, 鄞县中区,太湖片-甬江小片,,,侯,K,够,œʏ,,
YX02, 鄞县中区,太湖片-甬江小片,,,侯,K,构,œʏ,,
YX02, 鄞县中区,太湖片-甬江小片,,,侯,K,购,œʏ,,
YX02, 鄞县中区,太湖片-甬江小片,,,侯,K,勾,œʏ,,
YX02, 鄞县中区,太湖片-甬江小片,,,侯,K,抠,œʏ,,
YX02, 鄞县中区,太湖片-甬江小片,,,侯,K,眍,œʏ,,
YX02, 鄞县中区,太湖片-甬江小片,,,侯,K,口,œʏ,,
YX02, 鄞县中区,太湖片-甬江小片,,,侯,K,叩,œʏ,,
YX02, 鄞县中区,太湖片-甬江小片,,,侯,K,扣,œʏ,,
YX02, 鄞县中区,太湖片-甬江小片,,,侯,K,寇,œʏ,,
YX02, 鄞县中区,太湖片-甬江小片,,,侯,K,藕,œʏ,,
YX02, 鄞县中区,太湖片-甬江小片,,,侯,K,偶,œʏ,,
YX02, 鄞县中区,太湖片-甬江小片,,,侯,K,偶,œʏ,,
YX02, 鄞县中区,太湖片-甬江小片,,,侯,Ø,吼,,,
YX02, 鄞县中区,太湖片-甬江小片,,,侯,Ø,侯,œʏ,,
YX02, 鄞县中区,太湖片-甬江小片,,,侯,Ø,喉,œʏ,,
YX02, 鄞县中区,太湖片-甬江小片,,,侯,Ø,猴,œʏ,,
YX02, 鄞县中区,太湖片-甬江小片,,,侯,Ø,瘊,œʏ,,
YX02, 鄞县中区,太湖片-甬江小片,,,侯,Ø,後,œʏ,,
YX02, 鄞县中区,太湖片-甬江小片,,,侯,Ø,厚,œʏ,,
YX02, 鄞县中区,太湖片-甬江小片,,,侯,Ø,后,œʏ,,
YX02, 鄞县中区,太湖片-甬江小片,,,侯,Ø,候,œʏ,,
YX02, 鄞县中区,太湖片-甬江小片,,,侯,Ø,鲎,œʏ,,
YX02, 鄞县中区,太湖片-甬江小片,,,侯,Ø,欧,œʏ,,
YX02, 鄞县中区,太湖片-甬江小片,,,侯,Ø,瓯,œʏ,,
YX02, 鄞县中区,太湖片-甬江小片,,,侯,Ø,区,,,
YX02, 鄞县中区,太湖片-甬江小片,,,侯,Ø,鸥,,,
YX02, 鄞县中区,太湖片-甬江小片,,,侯,Ø,呕,œʏ,,
YX02, 鄞县中区,太湖片-甬江小片,,,侯,Ø,殴,œʏ,,
YX02, 鄞县中区,太湖片-甬江小片,,,侯,Ø,沤,,,
YX02, 鄞县中区,太湖片-甬江小片,,,侯,Ø,怄,,,
YX02, 鄞县中区,太湖片-甬江小片,,,皆,P,拜,a,,
YX02, 鄞县中区,太湖片-甬江小片,,,皆,P,排,a,,
YX02, 鄞县中区,太湖片-甬江小片,,,皆,P,�,,,
YX02, 鄞县中区,太湖片-甬江小片,,,皆,M,埋,a/e,白读/文读,
YX02, 鄞县中区,太湖片-甬江小片,,,皆,L,攋,,,
YX02, 鄞县中区,太湖片-甬江小片,,,皆,TS*,䍉,,,
YX02, 鄞县中区,太湖片-甬江小片,,,皆,TS*,箉,,,
YX02, 鄞县中区,太湖片-甬江小片,,,皆,TS*,斋,a,,
YX02, 鄞县中区,太湖片-甬江小片,,,皆,TS*,豺,a,,
YX02, 鄞县中区,太湖片-甬江小片,,,皆,K,皆,ie,文读,
YX02, 鄞县中区,太湖片-甬江小片,,,皆,K,阶,ie,文读,
YX02, 鄞县中区,太湖片-甬江小片,,,皆,K,稭,ie,,
YX02, 鄞县中区,太湖片-甬江小片,,,皆,K,偕,,,
YX02, 鄞县中区,太湖片-甬江小片,,,皆,K,介,a,,
YX02, 鄞县中区,太湖片-甬江小片,,,皆,K,界,a,,
YX02, 鄞县中区,太湖片-甬江小片,,,皆,K,芥,a,,
YX02, 鄞县中区,太湖片-甬江小片,,,皆,K,尬,a,,
YX02, 鄞县中区,太湖片-甬江小片,,,皆,K,疥,a,,
YX02, 鄞县中区,太湖片-甬江小片,,,皆,K,届,a,,
YX02, 鄞县中区,太湖片-甬江小片,,,皆,K,戒,a,,
YX02, 鄞县中区,太湖片-甬江小片,,,皆,K,庎,,,
YX02, 鄞县中区,太湖片-甬江小片,,,皆,K,揩,a,,
YX02, 鄞县中区,太湖片-甬江小片,,,皆,K,楷,a,,
YX02, 鄞县中区,太湖片-甬江小片,,,皆,Ø,谐,ie,,
YX02, 鄞县中区,太湖片-甬江小片,,,皆,Ø,骇,,,
YX02, 鄞县中区,太湖片-甬江小片,,,皆,Ø,械,ie,,
YX02, 鄞县中区,太湖片-甬江小片,,,皆,Ø,挨,a,,
YX02, 鄞县中区,太湖片-甬江小片,,,佳,P,摆,a,,
YX02, 鄞县中区,太湖片-甬江小片,,,佳,P,派,a,,
YX02, 鄞县中区,太湖片-甬江小片,,,佳,P,牌,a,,
YX02, 鄞县中区,太湖片-甬江小片,,,佳,P,簰,a,,
YX02, 鄞县中区,太湖片-甬江小片,,,佳,P,罢,a/o,文读/白读,
YX02, 鄞县中区,太湖片-甬江小片,,,佳,P,稗,o,,
YX02, 鄞县中区,太湖片-甬江小片,,,佳,M,买,a,,
YX02, 鄞县中区,太湖片-甬江小片,,,佳,M,卖,a,,
YX02, 鄞县中区,太湖片-甬江小片,,,佳,N,奶,a,白读,
YX02, 鄞县中区,太湖片-甬江小片,,,佳,TS*,债,a,,
YX02, 鄞县中区,太湖片-甬江小片,,,佳,TS*,钗,,,
YX02, 鄞县中区,太湖片-甬江小片,,,佳,TS*,差,a,,
YX02, 鄞县中区,太湖片-甬江小片,,,佳,TS*,柴,a,,
YX02, 鄞县中区,太湖片-甬江小片,,,佳,TS*,筛,,,
YX02, 鄞县中区,太湖片-甬江小片,,,佳,TS*,洒,a,,
YX02, 鄞县中区,太湖片-甬江小片,,,佳,TS*,晒,a,,
YX02, 鄞县中区,太湖片-甬江小片,,,佳,K,佳,,,
YX02, 鄞县中区,太湖片-甬江小片,,,佳,K,街,a,,
YX02, 鄞县中区,太湖片-甬江小片,,,佳,K,解,a,,
YX02, 鄞县中区,太湖片-甬江小片,,,佳,K,懈,ie,,
YX02, 鄞县中区,太湖片-甬江小片,,,佳,K,涯,ia,,
YX02, 鄞县中区,太湖片-甬江小片,,,佳,K,崖,,,
YX02, 鄞县中区,太湖片-甬江小片,,,佳,K,捱,,,
YX02, 鄞县中区,太湖片-甬江小片,,,佳,Ø,鞋,a,,
YX02, 鄞县中区,太湖片-甬江小片,,,佳,Ø,解,a,,
YX02, 鄞县中区,太湖片-甬江小片,,,佳,Ø,解,a,,
YX02, 鄞县中区,太湖片-甬江小片,,,佳,Ø,蟹,a,,
YX02, 鄞县中区,太湖片-甬江小片,,,佳,Ø,矮,a,,
YX02, 鄞县中区,太湖片-甬江小片,,,佳,Ø,隘,a,,